#,Name,Type 1,Type 2,Total,HP,Attack,Defense,Sp. Atk,Sp. Def,Speed,Generation,Legendary,1_2,2_3,3_4,4_5,5_6,6_7,7_8,0,1,2,3,4,5,6,7,8,9,10,11,1-2,12,8_9
1,Bulbasaur,Grass,Poison,318.0,45.0,49.0,49.0,65.0,65.0,45.0,1.0,False,Level 16,Level 32,,,,,,,Bulbasaur,Ivysaur,Venusaur,,,,,,,,,,,
2,Ivysaur,Grass,Poison,405.0,60.0,62.0,63.0,80.0,80.0,60.0,1.0,False,Level 16,Level 32,,,,,,,Bulbasaur,Ivysaur,Venusaur,,,,,,,,,,,
3,Venusaur,Grass,Poison,525.0,80.0,82.0,83.0,100.0,100.0,80.0,1.0,False,Level 16,Level 36,,,,,,,Charmander,Charmeleon,Charizard,,,,,,,,,,,
4,Charmander,Fire,,309.0,39.0,52.0,43.0,60.0,50.0,65.0,1.0,False,Level 16,Level 36,,,,,,,Charmander,Charmeleon,Charizard,,,,,,,,,,,
5,Charmeleon,Fire,,405.0,58.0,64.0,58.0,80.0,65.0,80.0,1.0,False,Level 16,Level 36,,,,,,,Charmander,Charmeleon,Charizard,,,,,,,,,,,
6,Charizard,Fire,Flying,534.0,78.0,84.0,78.0,109.0,85.0,100.0,1.0,False,Level 16,Level 36,,,,,,,Squirtle,Wartortle,Blastoise,,,,,,,,,,,
7,Squirtle,Water,,314.0,44.0,48.0,65.0,50.0,64.0,43.0,1.0,False,Level 16,Level 36,,,,,,,Squirtle,Wartortle,Blastoise,,,,,,,,,,,
8,Wartortle,Water,,405.0,59.0,63.0,80.0,65.0,80.0,58.0,1.0,False,Level 16,Level 36,,,,,,,Squirtle,Wartortle,Blastoise,,,,,,,,,,,
9,Blastoise,Water,,530.0,79.0,83.0,100.0,85.0,105.0,78.0,1.0,False,Level 7,Level 10,,,,,,,Caterpie,Metapod,Butterfree,,,,,,,,,,,
10,Caterpie,Bug,,195.0,45.0,30.0,35.0,20.0,20.0,45.0,1.0,False,Level 7,Level 10,,,,,,,Caterpie,Metapod,Butterfree,,,,,,,,,,,
11,Metapod,Bug,,205.0,50.0,20.0,55.0,25.0,25.0,30.0,1.0,False,Level 7,Level 10,,,,,,,Caterpie,Metapod,Butterfree,,,,,,,,,,,
12,Butterfree,Bug,Flying,395.0,60.0,45.0,50.0,90.0,80.0,70.0,1.0,False,Level 7,Level 10,,,,,,,Weedle,Kakuna,Beedrill,,,,,,,,,,,
13,Weedle,Bug,Poison,195.0,40.0,35.0,30.0,20.0,20.0,50.0,1.0,False,Level 7,Level 10,,,,,,,Weedle,Kakuna,Beedrill,,,,,,,,,,,
14,Kakuna,Bug,Poison,205.0,45.0,25.0,50.0,25.0,25.0,35.0,1.0,False,Level 7,Level 10,,,,,,,Weedle,Kakuna,Beedrill,,,,,,,,,,,
15,Beedrill,Bug,Poison,395.0,65.0,90.0,40.0,45.0,80.0,75.0,1.0,False,Level 18,Level 36,,,,,,,Pidgey,Pidgeotto,Pidgeot,,,,,,,,,,,
16,Pidgey,Normal,Flying,251.0,40.0,45.0,40.0,35.0,35.0,56.0,1.0,False,Level 18,Level 36,,,,,,,Pidgey,Pidgeotto,Pidgeot,,,,,,,,,,,
17,Pidgeotto,Normal,Flying,349.0,63.0,60.0,55.0,50.0,50.0,71.0,1.0,False,Level 18,Level 36,,,,,,,Pidgey,Pidgeotto,Pidgeot,,,,,,,,,,,
18,Pidgeot,Normal,Flying,479.0,83.0,80.0,75.0,70.0,70.0,101.0,1.0,False,Level 20,"Level 20, Nighttime",,,,,,,Rattata,Raticate,Alolan,Alolan,,,,,,,,,,
19,Rattata,Normal,,253.0,30.0,56.0,35.0,25.0,35.0,72.0,1.0,False,Level 20,"Level 20, Nighttime",,,,,,,Rattata,Raticate,Alolan,Alolan,,,,,,,,,,
20,Raticate,Normal,,413.0,55.0,81.0,60.0,50.0,70.0,97.0,1.0,False,Level 20,,,,,,,,Spearow,Fearow,,,,,,,,,,,,
21,Spearow,Normal,Flying,262.0,40.0,60.0,30.0,31.0,31.0,70.0,1.0,False,Level 20,,,,,,,,Spearow,Fearow,,,,,,,,,,,,
22,Fearow,Normal,Flying,442.0,65.0,90.0,65.0,61.0,61.0,100.0,1.0,False,Level 22,,,,,,,,Ekans,Arbok,,,,,,,,,,,,
23,Ekans,Poison,,288.0,35.0,60.0,44.0,40.0,54.0,55.0,1.0,False,Level 22,,,,,,,,Ekans,Arbok,,,,,,,,,,,,
24,Arbok,Poison,,438.0,60.0,85.0,69.0,65.0,79.0,80.0,1.0,False,high Friendship,"use Thunder Stone, outside Alola","use Thunder Stone, in Alola",,,,,,Pichu,Pikachu,Raichu,Alolan,,,,,,,,,,
25,Pikachu,Electric,,320.0,35.0,55.0,40.0,50.0,50.0,90.0,1.0,False,high Friendship,"use Thunder Stone, outside Alola","use Thunder Stone, in Alola",,,,,,Pichu,Pikachu,Raichu,Alolan,,,,,,,,,,
26,Raichu,Electric,,485.0,60.0,90.0,55.0,90.0,80.0,110.0,1.0,False,Level 22,use Ice Stone,,,,,,,Sandshrew,Sandslash,Alolan,Alolan,,,,,,,,,,
27,Sandshrew,Ground,,300.0,50.0,75.0,85.0,20.0,30.0,40.0,1.0,False,Level 22,use Ice Stone,,,,,,,Sandshrew,Sandslash,Alolan,Alolan,,,,,,,,,,
28,Sandslash,Ground,,450.0,75.0,100.0,110.0,45.0,55.0,65.0,1.0,False,,,,,,,,,,,,,,,,,,,,,,
29,Nidoran♀,Poison,,275.0,55.0,47.0,52.0,40.0,40.0,41.0,1.0,False,Level 16,use Moon Stone,,,,,,,Nidoran♀,Nidorina,Nidoqueen,,,,,,,,,,,
30,Nidorina,Poison,,365.0,70.0,62.0,67.0,55.0,55.0,56.0,1.0,False,Level 16,use Moon Stone,,,,,,,Nidoran♀,Nidorina,Nidoqueen,,,,,,,,,,,
31,Nidoqueen,Poison,Ground,505.0,90.0,92.0,87.0,75.0,85.0,76.0,1.0,False,,,,,,,,,,,,,,,,,,,,,,
32,Nidoran♂,Poison,,273.0,46.0,57.0,40.0,40.0,40.0,50.0,1.0,False,Level 16,use Moon Stone,,,,,,,Nidoran♂,Nidorino,Nidoking,,,,,,,,,,,
33,Nidorino,Poison,,365.0,61.0,72.0,57.0,55.0,55.0,65.0,1.0,False,Level 16,use Moon Stone,,,,,,,Nidoran♂,Nidorino,Nidoking,,,,,,,,,,,
34,Nidoking,Poison,Ground,505.0,81.0,102.0,77.0,85.0,75.0,85.0,1.0,False,high Friendship,use Moon Stone,,,,,,,Cleffa,Clefairy,Clefable,,,,,,,,,,,
35,Clefairy,Fairy,,323.0,70.0,45.0,48.0,60.0,65.0,35.0,1.0,False,high Friendship,use Moon Stone,,,,,,,Cleffa,Clefairy,Clefable,,,,,,,,,,,
36,Clefable,Fairy,,483.0,95.0,70.0,73.0,95.0,90.0,60.0,1.0,False,use Fire Stone,use Ice Stone,,,,,,,Vulpix,Ninetales,Alolan,Alolan,,,,,,,,,,
37,Vulpix,Fire,,299.0,38.0,41.0,40.0,50.0,65.0,65.0,1.0,False,use Fire Stone,use Ice Stone,,,,,,,Vulpix,Ninetales,Alolan,Alolan,,,,,,,,,,
38,Ninetales,Fire,,505.0,73.0,76.0,75.0,81.0,100.0,100.0,1.0,False,high Friendship,use Moon Stone,,,,,,,Igglybuff,Jigglypuff,Wigglytuff,,,,,,,,,,,
39,Jigglypuff,Normal,Fairy,270.0,115.0,45.0,20.0,45.0,25.0,20.0,1.0,False,high Friendship,use Moon Stone,,,,,,,Igglybuff,Jigglypuff,Wigglytuff,,,,,,,,,,,
40,Wigglytuff,Normal,Fairy,435.0,140.0,70.0,45.0,85.0,50.0,45.0,1.0,False,Level 22,high Friendship,,,,,,,Zubat,Golbat,Crobat,,,,,,,,,,,
41,Zubat,Poison,Flying,245.0,40.0,45.0,35.0,30.0,40.0,55.0,1.0,False,Level 22,high Friendship,,,,,,,Zubat,Golbat,Crobat,,,,,,,,,,,
42,Golbat,Poison,Flying,455.0,75.0,80.0,70.0,65.0,75.0,90.0,1.0,False,Level 21,use Leaf Stone,use Sun Stone,,,,,,Oddish,Gloom,Vileplume,Bellossom,,,,,,,,,,
43,Oddish,Grass,Poison,320.0,45.0,50.0,55.0,75.0,65.0,30.0,1.0,False,Level 21,use Leaf Stone,use Sun Stone,,,,,,Oddish,Gloom,Vileplume,Bellossom,,,,,,,,,,
44,Gloom,Grass,Poison,395.0,60.0,65.0,70.0,85.0,75.0,40.0,1.0,False,Level 21,use Leaf Stone,use Sun Stone,,,,,,Oddish,Gloom,Vileplume,Bellossom,,,,,,,,,,
45,Vileplume,Grass,Poison,490.0,75.0,80.0,85.0,110.0,90.0,50.0,1.0,False,Level 24,,,,,,,,Paras,Parasect,,,,,,,,,,,,
46,Paras,Bug,Grass,285.0,35.0,70.0,55.0,45.0,55.0,25.0,1.0,False,Level 24,,,,,,,,Paras,Parasect,,,,,,,,,,,,
47,Parasect,Bug,Grass,405.0,60.0,95.0,80.0,60.0,80.0,30.0,1.0,False,Level 31,,,,,,,,Venonat,Venomoth,,,,,,,,,,,,
48,Venonat,Bug,Poison,305.0,60.0,55.0,50.0,40.0,55.0,45.0,1.0,False,Level 31,,,,,,,,Venonat,Venomoth,,,,,,,,,,,,
49,Venomoth,Bug,Poison,450.0,70.0,65.0,60.0,90.0,75.0,90.0,1.0,False,Level 26,Level 26,,,,,,,Diglett,Dugtrio,Alolan,Alolan,,,,,,,,,,
50,Diglett,Ground,,265.0,10.0,55.0,25.0,35.0,45.0,95.0,1.0,False,Level 26,Level 26,,,,,,,Diglett,Dugtrio,Alolan,Alolan,,,,,,,,,,
51,Dugtrio,Ground,,405.0,35.0,80.0,50.0,50.0,70.0,120.0,1.0,False,Level 28,high Friendship,Level 28,,,,,,Meowth,Persian,Alolan,Alolan,Galarian,Perrserker,,,,,,,,
52,Meowth,Normal,,290.0,40.0,45.0,35.0,40.0,40.0,90.0,1.0,False,Level 28,high Friendship,Level 28,,,,,,Meowth,Persian,Alolan,Alolan,Galarian,Perrserker,,,,,,,,
53,Persian,Normal,,440.0,65.0,70.0,60.0,65.0,65.0,115.0,1.0,False,Level 33,,,,,,,,Psyduck,Golduck,,,,,,,,,,,,
54,Psyduck,Water,,320.0,50.0,52.0,48.0,65.0,50.0,55.0,1.0,False,Level 33,,,,,,,,Psyduck,Golduck,,,,,,,,,,,,
55,Golduck,Water,,500.0,80.0,82.0,78.0,95.0,80.0,85.0,1.0,False,Level 28,,,,,,,,Mankey,Primeape,,,,,,,,,,,,
56,Mankey,Fighting,,305.0,40.0,80.0,35.0,35.0,45.0,70.0,1.0,False,Level 28,,,,,,,,Mankey,Primeape,,,,,,,,,,,,
57,Primeape,Fighting,,455.0,65.0,105.0,60.0,60.0,70.0,95.0,1.0,False,use Fire Stone,use Fire Stone,,,,,,,Growlithe,Arcanine,Growlithe,Arcanine,,,,,,,,,,
58,Growlithe,Fire,,350.0,55.0,70.0,45.0,70.0,50.0,60.0,1.0,False,use Fire Stone,use Fire Stone,,,,,,,Growlithe,Arcanine,Growlithe,Arcanine,,,,,,,,,,
59,Arcanine,Fire,,555.0,90.0,110.0,80.0,100.0,80.0,95.0,1.0,False,Level 25,use Water Stone,trade holding Kings Rock,,,,,,Poliwag,Poliwhirl,Poliwrath,Politoed,,,,,,,,,,
60,Poliwag,Water,,300.0,40.0,50.0,40.0,40.0,40.0,90.0,1.0,False,Level 25,use Water Stone,trade holding Kings Rock,,,,,,Poliwag,Poliwhirl,Poliwrath,Politoed,,,,,,,,,,
61,Poliwhirl,Water,,385.0,65.0,65.0,65.0,50.0,50.0,90.0,1.0,False,Level 25,use Water Stone,trade holding Kings Rock,,,,,,Poliwag,Poliwhirl,Poliwrath,Politoed,,,,,,,,,,
62,Poliwrath,Water,Fighting,510.0,90.0,95.0,95.0,70.0,90.0,70.0,1.0,False,Level 16,Trade,,,,,,,Abra,Kadabra,Alakazam,,,,,,,,,,,
63,Abra,Psychic,,310.0,25.0,20.0,15.0,105.0,55.0,90.0,1.0,False,Level 16,Trade,,,,,,,Abra,Kadabra,Alakazam,,,,,,,,,,,
64,Kadabra,Psychic,,400.0,40.0,35.0,30.0,120.0,70.0,105.0,1.0,False,Level 16,Trade,,,,,,,Abra,Kadabra,Alakazam,,,,,,,,,,,
65,Alakazam,Psychic,,500.0,55.0,50.0,45.0,135.0,95.0,120.0,1.0,False,Level 28,Trade,,,,,,,Machop,Machoke,Machamp,,,,,,,,,,,
66,Machop,Fighting,,305.0,70.0,80.0,50.0,35.0,35.0,35.0,1.0,False,Level 28,Trade,,,,,,,Machop,Machoke,Machamp,,,,,,,,,,,
67,Machoke,Fighting,,405.0,80.0,100.0,70.0,50.0,60.0,45.0,1.0,False,Level 28,Trade,,,,,,,Machop,Machoke,Machamp,,,,,,,,,,,
68,Machamp,Fighting,,505.0,90.0,130.0,80.0,65.0,85.0,55.0,1.0,False,Level 21,use Leaf Stone,,,,,,,Bellsprout,Weepinbell,Victreebel,,,,,,,,,,,
69,Bellsprout,Grass,Poison,300.0,50.0,75.0,35.0,70.0,30.0,40.0,1.0,False,Level 21,use Leaf Stone,,,,,,,Bellsprout,Weepinbell,Victreebel,,,,,,,,,,,
70,Weepinbell,Grass,Poison,390.0,65.0,90.0,50.0,85.0,45.0,55.0,1.0,False,Level 21,use Leaf Stone,,,,,,,Bellsprout,Weepinbell,Victreebel,,,,,,,,,,,
71,Victreebel,Grass,Poison,490.0,80.0,105.0,65.0,100.0,70.0,70.0,1.0,False,Level 30,,,,,,,,Tentacool,Tentacruel,,,,,,,,,,,,
72,Tentacool,Water,Poison,335.0,40.0,40.0,35.0,50.0,100.0,70.0,1.0,False,Level 30,,,,,,,,Tentacool,Tentacruel,,,,,,,,,,,,
73,Tentacruel,Water,Poison,515.0,80.0,70.0,65.0,80.0,120.0,100.0,1.0,False,Level 25,Trade,Level 25,Trade,,,,,Geodude,Graveler,Golem,Alolan,Alolan,Alolan,,,,,,,,
74,Geodude,Rock,Ground,300.0,40.0,80.0,100.0,30.0,30.0,20.0,1.0,False,Level 25,Trade,Level 25,Trade,,,,,Geodude,Graveler,Golem,Alolan,Alolan,Alolan,,,,,,,,
75,Graveler,Rock,Ground,390.0,55.0,95.0,115.0,45.0,45.0,35.0,1.0,False,Level 25,Trade,Level 25,Trade,,,,,Geodude,Graveler,Golem,Alolan,Alolan,Alolan,,,,,,,,
76,Golem,Rock,Ground,495.0,80.0,120.0,130.0,55.0,65.0,45.0,1.0,False,Level 40,Level 40,,,,,,,Ponyta,Rapidash,Galarian,Galarian,,,,,,,,,,
77,Ponyta,Fire,,410.0,50.0,85.0,55.0,65.0,65.0,90.0,1.0,False,Level 40,Level 40,,,,,,,Ponyta,Rapidash,Galarian,Galarian,,,,,,,,,,
78,Rapidash,Fire,,500.0,65.0,100.0,70.0,80.0,80.0,105.0,1.0,False,Level 37,trade holding Kings Rock,use Galarica Cuff,use Galarica Wreath,,,,,Slowpoke,Slowbro,Slowking,Galarian,Galarian,Galarian,,,,,,,,
79,Slowpoke,Water,Psychic,315.0,90.0,65.0,65.0,40.0,40.0,15.0,1.0,False,Level 37,trade holding Kings Rock,use Galarica Cuff,use Galarica Wreath,,,,,Slowpoke,Slowbro,Slowking,Galarian,Galarian,Galarian,,,,,,,,
80,Slowbro,Water,Psychic,490.0,95.0,75.0,110.0,100.0,80.0,30.0,1.0,False,Level 30,level up in a Magnetic Field area,,,,,,,Magnemite,Magneton,Magnezone,,,,,,,,,,,
81,Magnemite,Electric,Steel,325.0,25.0,35.0,70.0,95.0,55.0,45.0,1.0,False,Level 30,level up in a Magnetic Field area,,,,,,,Magnemite,Magneton,Magnezone,,,,,,,,,,,
82,Magneton,Electric,Steel,465.0,50.0,60.0,95.0,120.0,70.0,70.0,1.0,False,,,,,,,,,,,,,,,,,,,,,,
83,Farfetch'd,Normal,Flying,352.0,52.0,65.0,55.0,58.0,62.0,60.0,1.0,False,Level 31,,,,,,,,Doduo,Dodrio,,,,,,,,,,,,
84,Doduo,Normal,Flying,310.0,35.0,85.0,45.0,35.0,35.0,75.0,1.0,False,Level 31,,,,,,,,Doduo,Dodrio,,,,,,,,,,,,
85,Dodrio,Normal,Flying,460.0,60.0,110.0,70.0,60.0,60.0,100.0,1.0,False,Level 34,,,,,,,,Seel,Dewgong,,,,,,,,,,,,
86,Seel,Water,,325.0,65.0,45.0,55.0,45.0,70.0,45.0,1.0,False,Level 34,,,,,,,,Seel,Dewgong,,,,,,,,,,,,
87,Dewgong,Water,Ice,475.0,90.0,70.0,80.0,70.0,95.0,70.0,1.0,False,Level 38,Level 38,,,,,,,Grimer,Muk,Alolan,Alolan,,,,,,,,,,
88,Grimer,Poison,,325.0,80.0,80.0,50.0,40.0,50.0,25.0,1.0,False,Level 38,Level 38,,,,,,,Grimer,Muk,Alolan,Alolan,,,,,,,,,,
89,Muk,Poison,,500.0,105.0,105.0,75.0,65.0,100.0,50.0,1.0,False,use Water Stone,,,,,,,,Shellder,Cloyster,,,,,,,,,,,,
90,Shellder,Water,,305.0,30.0,65.0,100.0,45.0,25.0,40.0,1.0,False,use Water Stone,,,,,,,,Shellder,Cloyster,,,,,,,,,,,,
91,Cloyster,Water,Ice,525.0,50.0,95.0,180.0,85.0,45.0,70.0,1.0,False,Level 25,Trade,,,,,,,Gastly,Haunter,Gengar,,,,,,,,,,,
92,Gastly,Ghost,Poison,310.0,30.0,35.0,30.0,100.0,35.0,80.0,1.0,False,Level 25,Trade,,,,,,,Gastly,Haunter,Gengar,,,,,,,,,,,
93,Haunter,Ghost,Poison,405.0,45.0,50.0,45.0,115.0,55.0,95.0,1.0,False,Level 25,Trade,,,,,,,Gastly,Haunter,Gengar,,,,,,,,,,,
94,Gengar,Ghost,Poison,500.0,60.0,65.0,60.0,130.0,75.0,110.0,1.0,False,trade holding Metal Coat,,,,,,,,Onix,Steelix,,,,,,,,,,,,
95,Onix,Rock,Ground,385.0,35.0,45.0,160.0,30.0,45.0,70.0,1.0,False,Level 26,,,,,,,,Drowzee,Hypno,,,,,,,,,,,,
96,Drowzee,Psychic,,328.0,60.0,48.0,45.0,43.0,90.0,42.0,1.0,False,Level 26,,,,,,,,Drowzee,Hypno,,,,,,,,,,,,
97,Hypno,Psychic,,483.0,85.0,73.0,70.0,73.0,115.0,67.0,1.0,False,Level 28,,,,,,,,Krabby,Kingler,,,,,,,,,,,,
98,Krabby,Water,,325.0,30.0,105.0,90.0,25.0,25.0,50.0,1.0,False,Level 28,,,,,,,,Krabby,Kingler,,,,,,,,,,,,
99,Kingler,Water,,475.0,55.0,130.0,115.0,50.0,50.0,75.0,1.0,False,Level 30,use Leaf Stone,,,,,,,Voltorb,Electrode,Voltorb,Electrode,,,,,,,,,,
100,Voltorb,Electric,,330.0,40.0,30.0,50.0,55.0,55.0,100.0,1.0,False,Level 30,use Leaf Stone,,,,,,,Voltorb,Electrode,Voltorb,Electrode,,,,,,,,,,
101,Electrode,Electric,,480.0,60.0,50.0,70.0,80.0,80.0,140.0,1.0,False,"use Leaf Stone, outside Alola","use Leaf Stone, in Alola",,,,,,,Exeggcute,Exeggutor,Alolan,,,,,,,,,,,
102,Exeggcute,Grass,Psychic,325.0,60.0,40.0,80.0,60.0,45.0,40.0,1.0,False,"use Leaf Stone, outside Alola","use Leaf Stone, in Alola",,,,,,,Exeggcute,Exeggutor,Alolan,,,,,,,,,,,
103,Exeggutor,Grass,Psychic,520.0,95.0,95.0,85.0,125.0,65.0,55.0,1.0,False,"Level 28, outside Alola","Level 28, Nighttime, in Alola",,,,,,,Cubone,Marowak,Alolan,,,,,,,,,,,
104,Cubone,Ground,,320.0,50.0,50.0,95.0,40.0,50.0,35.0,1.0,False,"Level 28, outside Alola","Level 28, Nighttime, in Alola",,,,,,,Cubone,Marowak,Alolan,,,,,,,,,,,
105,Marowak,Ground,,425.0,60.0,80.0,110.0,50.0,80.0,45.0,1.0,False,"Level 20, Attack > Defense","Level 20, Attack < Defense","Level 20, Attack = Defense",,,,,,Tyrogue,Hitmonlee,Hitmonchan,Hitmontop,,,,,,,,,,
106,Hitmonlee,Fighting,,455.0,50.0,120.0,53.0,35.0,110.0,87.0,1.0,False,"Level 20, Attack > Defense","Level 20, Attack < Defense","Level 20, Attack = Defense",,,,,,Tyrogue,Hitmonlee,Hitmonchan,Hitmontop,,,,,,,,,,
107,Hitmonchan,Fighting,,455.0,50.0,105.0,79.0,35.0,110.0,76.0,1.0,False,after Rollout learned,,,,,,,,Lickitung,Lickilicky,,,,,,,,,,,,
108,Lickitung,Normal,,385.0,90.0,55.0,75.0,60.0,75.0,30.0,1.0,False,"Level 35, outside Galar","Level 35, in Galar",,,,,,,Koffing,Weezing,Galarian,,,,,,,,,,,
109,Koffing,Poison,,340.0,40.0,65.0,95.0,60.0,45.0,35.0,1.0,False,"Level 35, outside Galar","Level 35, in Galar",,,,,,,Koffing,Weezing,Galarian,,,,,,,,,,,
110,Weezing,Poison,,490.0,65.0,90.0,120.0,85.0,70.0,60.0,1.0,False,Level 42,trade holding Protector,,,,,,,Rhyhorn,Rhydon,Rhyperior,,,,,,,,,,,
111,Rhyhorn,Ground,Rock,345.0,80.0,85.0,95.0,30.0,30.0,25.0,1.0,False,Level 42,trade holding Protector,,,,,,,Rhyhorn,Rhydon,Rhyperior,,,,,,,,,,,
112,Rhydon,Ground,Rock,485.0,105.0,130.0,120.0,45.0,45.0,40.0,1.0,False,"hold Oval Stone, Daytime",high Friendship,,,,,,,Happiny,Chansey,Blissey,,,,,,,,,,,
113,Chansey,Normal,,450.0,250.0,5.0,5.0,35.0,105.0,50.0,1.0,False,after Ancient Power learned,,,,,,,,Tangela,Tangrowth,,,,,,,,,,,,
114,Tangela,Grass,,435.0,65.0,55.0,115.0,100.0,40.0,60.0,1.0,False,,,,,,,,,,,,,,,,,,,,,,
115,Kangaskhan,Normal,,490.0,105.0,95.0,80.0,40.0,80.0,90.0,1.0,False,Level 32,trade holding Dragon Scale,,,,,,,Horsea,Seadra,Kingdra,,,,,,,,,,,
116,Horsea,Water,,295.0,30.0,40.0,70.0,70.0,25.0,60.0,1.0,False,Level 32,trade holding Dragon Scale,,,,,,,Horsea,Seadra,Kingdra,,,,,,,,,,,
117,Seadra,Water,,440.0,55.0,65.0,95.0,95.0,45.0,85.0,1.0,False,Level 33,,,,,,,,Goldeen,Seaking,,,,,,,,,,,,
118,Goldeen,Water,,320.0,45.0,67.0,60.0,35.0,50.0,63.0,1.0,False,Level 33,,,,,,,,Goldeen,Seaking,,,,,,,,,,,,
119,Seaking,Water,,450.0,80.0,92.0,65.0,65.0,80.0,68.0,1.0,False,use Water Stone,,,,,,,,Staryu,Starmie,,,,,,,,,,,,
120,Staryu,Water,,340.0,30.0,45.0,55.0,70.0,55.0,85.0,1.0,False,use Water Stone,,,,,,,,Staryu,Starmie,,,,,,,,,,,,
121,Starmie,Water,Psychic,520.0,60.0,75.0,85.0,100.0,85.0,115.0,1.0,False,,,,,,,,,,,,,,,,,,,,,,
122,Mr. Mime,Psychic,Fairy,460.0,40.0,45.0,65.0,100.0,120.0,90.0,1.0,False,trade holding Metal Coat,use Black Augurite,,,,,,,Scyther,Scizor,Kleavor,,,,,,,,,,,
123,Scyther,Bug,Flying,500.0,70.0,110.0,80.0,55.0,80.0,105.0,1.0,False,Level 30,,,,,,,,Smoochum,Jynx,,,,,,,,,,,,
124,Jynx,Ice,Psychic,455.0,65.0,50.0,35.0,115.0,95.0,95.0,1.0,False,Level 30,trade holding Electirizer,,,,,,,Elekid,Electabuzz,Electivire,,,,,,,,,,,
125,Electabuzz,Electric,,490.0,65.0,83.0,57.0,95.0,85.0,105.0,1.0,False,Level 30,trade holding Magmarizer,,,,,,,Magby,Magmar,Magmortar,,,,,,,,,,,
126,Magmar,Fire,,495.0,65.0,95.0,57.0,100.0,85.0,93.0,1.0,False,,,,,,,,,,,,,,,,,,,,,,
127,Pinsir,Bug,,500.0,65.0,125.0,100.0,55.0,70.0,85.0,1.0,False,,,,,,,,,,,,,,,,,,,,,,
128,Tauros,Normal,,490.0,75.0,100.0,95.0,40.0,70.0,110.0,1.0,False,Level 20,,,,,,,,Magikarp,Gyarados,,,,,,,,,,,,
129,Magikarp,Water,,200.0,20.0,10.0,55.0,15.0,20.0,80.0,1.0,False,Level 20,,,,,,,,Magikarp,Gyarados,,,,,,,,,,,,
130,Gyarados,Water,Flying,540.0,95.0,125.0,79.0,60.0,100.0,81.0,1.0,False,,,,,,,,,,,,,,,,,,,,,,
131,Lapras,Water,Ice,535.0,130.0,85.0,80.0,85.0,95.0,60.0,1.0,False,,,,,,,,,,,,,,,,,,,,,,
132,Ditto,Normal,,288.0,48.0,48.0,48.0,48.0,48.0,48.0,1.0,False,use Water Stone,use Thunder Stone,use Fire Stone,"high Friendship, Daytime","high Friendship, Nighttime","use Leaf Stone, or level up near a Mossy Rock","use Ice Stone, or level up near an Icy Rock",,Eevee,Vaporeon,Jolteon,Flareon,Eevee,Espeon,Umbreon,Eevee,Leafeon,Glaceon,Eevee,,Sylveon,"after Fairy-type move learned, and either ♥♥ Affection in Gen 6-7 or high friendship in Gen 8+"
133,Eevee,Normal,,325.0,55.0,55.0,50.0,45.0,65.0,55.0,1.0,False,use Water Stone,use Thunder Stone,use Fire Stone,"high Friendship, Daytime","high Friendship, Nighttime","use Leaf Stone, or level up near a Mossy Rock","use Ice Stone, or level up near an Icy Rock",,Eevee,Vaporeon,Jolteon,Flareon,Eevee,Espeon,Umbreon,Eevee,Leafeon,Glaceon,Eevee,,Sylveon,"after Fairy-type move learned, and either ♥♥ Affection in Gen 6-7 or high friendship in Gen 8+"
134,Vaporeon,Water,,525.0,130.0,65.0,60.0,110.0,95.0,65.0,1.0,False,use Water Stone,use Thunder Stone,use Fire Stone,"high Friendship, Daytime","high Friendship, Nighttime","use Leaf Stone, or level up near a Mossy Rock","use Ice Stone, or level up near an Icy Rock",,Eevee,Vaporeon,Jolteon,Flareon,Eevee,Espeon,Umbreon,Eevee,Leafeon,Glaceon,Eevee,,Sylveon,"after Fairy-type move learned, and either ♥♥ Affection in Gen 6-7 or high friendship in Gen 8+"
135,Jolteon,Electric,,525.0,65.0,65.0,60.0,110.0,95.0,130.0,1.0,False,use Water Stone,use Thunder Stone,use Fire Stone,"high Friendship, Daytime","high Friendship, Nighttime","use Leaf Stone, or level up near a Mossy Rock","use Ice Stone, or level up near an Icy Rock",,Eevee,Vaporeon,Jolteon,Flareon,Eevee,Espeon,Umbreon,Eevee,Leafeon,Glaceon,Eevee,,Sylveon,"after Fairy-type move learned, and either ♥♥ Affection in Gen 6-7 or high friendship in Gen 8+"
136,Flareon,Fire,,525.0,65.0,130.0,60.0,95.0,110.0,65.0,1.0,False,trade holding Upgrade,trade holding Dubious Disc,,,,,,,Porygon,Porygon2,Porygon-Z,,,,,,,,,,,
137,Porygon,Normal,,395.0,65.0,60.0,70.0,85.0,75.0,40.0,1.0,False,Level 40,,,,,,,,Omanyte,Omastar,,,,,,,,,,,,
138,Omanyte,Rock,Water,355.0,35.0,40.0,100.0,90.0,55.0,35.0,1.0,False,Level 40,,,,,,,,Omanyte,Omastar,,,,,,,,,,,,
139,Omastar,Rock,Water,495.0,70.0,60.0,125.0,115.0,70.0,55.0,1.0,False,Level 40,,,,,,,,Kabuto,Kabutops,,,,,,,,,,,,
140,Kabuto,Rock,Water,355.0,30.0,80.0,90.0,55.0,45.0,55.0,1.0,False,Level 40,,,,,,,,Kabuto,Kabutops,,,,,,,,,,,,
141,Kabutops,Rock,Water,495.0,60.0,115.0,105.0,65.0,70.0,80.0,1.0,False,,,,,,,,,,,,,,,,,,,,,,
142,Aerodactyl,Rock,Flying,515.0,80.0,105.0,65.0,60.0,75.0,130.0,1.0,False,high Friendship,,,,,,,,Munchlax,Snorlax,,,,,,,,,,,,
143,Snorlax,Normal,,540.0,160.0,110.0,65.0,65.0,110.0,30.0,1.0,False,,,,,,,,,,,,,,,,,,,,,,
144,Articuno,Ice,Flying,580.0,90.0,85.0,100.0,95.0,125.0,85.0,1.0,True,,,,,,,,,,,,,,,,,,,,,,
145,Zapdos,Electric,Flying,580.0,90.0,90.0,85.0,125.0,90.0,100.0,1.0,True,,,,,,,,,,,,,,,,,,,,,,
146,Moltres,Fire,Flying,580.0,90.0,100.0,90.0,125.0,85.0,90.0,1.0,True,Level 30,Level 55,,,,,,,Dratini,Dragonair,Dragonite,,,,,,,,,,,
147,Dratini,Dragon,,300.0,41.0,64.0,45.0,50.0,50.0,50.0,1.0,False,Level 30,Level 55,,,,,,,Dratini,Dragonair,Dragonite,,,,,,,,,,,
148,Dragonair,Dragon,,420.0,61.0,84.0,65.0,70.0,70.0,70.0,1.0,False,Level 30,Level 55,,,,,,,Dratini,Dragonair,Dragonite,,,,,,,,,,,
149,Dragonite,Dragon,Flying,600.0,91.0,134.0,95.0,100.0,100.0,80.0,1.0,False,,,,,,,,,,,,,,,,,,,,,,
150,Mewtwo,Psychic,,680.0,106.0,110.0,90.0,154.0,90.0,130.0,1.0,True,,,,,,,,,,,,,,,,,,,,,,
151,Mew,Psychic,,600.0,100.0,100.0,100.0,100.0,100.0,100.0,1.0,False,Level 16,Level 32,,,,,,,Chikorita,Bayleef,Meganium,,,,,,,,,,,
152,Chikorita,Grass,,318.0,45.0,49.0,65.0,49.0,65.0,45.0,2.0,False,Level 16,Level 32,,,,,,,Chikorita,Bayleef,Meganium,,,,,,,,,,,
153,Bayleef,Grass,,405.0,60.0,62.0,80.0,63.0,80.0,60.0,2.0,False,Level 16,Level 32,,,,,,,Chikorita,Bayleef,Meganium,,,,,,,,,,,
154,Meganium,Grass,,525.0,80.0,82.0,100.0,83.0,100.0,80.0,2.0,False,"Level 14, or Level 17 in Legends: Arceus",Level 36,"Level 36, in Legends: Arceus",,,,,,Cyndaquil,Quilava,Typhlosion,Typhlosion,,,,,,,,,,
155,Cyndaquil,Fire,,309.0,39.0,52.0,43.0,60.0,50.0,65.0,2.0,False,"Level 14, or Level 17 in Legends: Arceus",Level 36,"Level 36, in Legends: Arceus",,,,,,Cyndaquil,Quilava,Typhlosion,Typhlosion,,,,,,,,,,
156,Quilava,Fire,,405.0,58.0,64.0,58.0,80.0,65.0,80.0,2.0,False,"Level 14, or Level 17 in Legends: Arceus",Level 36,"Level 36, in Legends: Arceus",,,,,,Cyndaquil,Quilava,Typhlosion,Typhlosion,,,,,,,,,,
157,Typhlosion,Fire,,534.0,78.0,84.0,78.0,109.0,85.0,100.0,2.0,False,Level 18,Level 30,,,,,,,Totodile,Croconaw,Feraligatr,,,,,,,,,,,
158,Totodile,Water,,314.0,50.0,65.0,64.0,44.0,48.0,43.0,2.0,False,Level 18,Level 30,,,,,,,Totodile,Croconaw,Feraligatr,,,,,,,,,,,
159,Croconaw,Water,,405.0,65.0,80.0,80.0,59.0,63.0,58.0,2.0,False,Level 18,Level 30,,,,,,,Totodile,Croconaw,Feraligatr,,,,,,,,,,,
160,Feraligatr,Water,,530.0,85.0,105.0,100.0,79.0,83.0,78.0,2.0,False,Level 15,,,,,,,,Sentret,Furret,,,,,,,,,,,,
161,Sentret,Normal,,215.0,35.0,46.0,34.0,35.0,45.0,20.0,2.0,False,Level 15,,,,,,,,Sentret,Furret,,,,,,,,,,,,
162,Furret,Normal,,415.0,85.0,76.0,64.0,45.0,55.0,90.0,2.0,False,Level 20,,,,,,,,Hoothoot,Noctowl,,,,,,,,,,,,
163,Hoothoot,Normal,Flying,262.0,60.0,30.0,30.0,36.0,56.0,50.0,2.0,False,Level 20,,,,,,,,Hoothoot,Noctowl,,,,,,,,,,,,
164,Noctowl,Normal,Flying,442.0,100.0,50.0,50.0,76.0,96.0,70.0,2.0,False,Level 18,,,,,,,,Ledyba,Ledian,,,,,,,,,,,,
165,Ledyba,Bug,Flying,265.0,40.0,20.0,30.0,40.0,80.0,55.0,2.0,False,Level 18,,,,,,,,Ledyba,Ledian,,,,,,,,,,,,
166,Ledian,Bug,Flying,390.0,55.0,35.0,50.0,55.0,110.0,85.0,2.0,False,Level 22,,,,,,,,Spinarak,Ariados,,,,,,,,,,,,
167,Spinarak,Bug,Poison,250.0,40.0,60.0,40.0,40.0,40.0,30.0,2.0,False,Level 22,,,,,,,,Spinarak,Ariados,,,,,,,,,,,,
168,Ariados,Bug,Poison,390.0,70.0,90.0,70.0,60.0,60.0,40.0,2.0,False,Level 22,high Friendship,,,,,,,Zubat,Golbat,Crobat,,,,,,,,,,,
169,Crobat,Poison,Flying,535.0,85.0,90.0,80.0,70.0,80.0,130.0,2.0,False,Level 27,,,,,,,,Chinchou,Lanturn,,,,,,,,,,,,
170,Chinchou,Water,Electric,330.0,75.0,38.0,38.0,56.0,56.0,67.0,2.0,False,Level 27,,,,,,,,Chinchou,Lanturn,,,,,,,,,,,,
171,Lanturn,Water,Electric,460.0,125.0,58.0,58.0,76.0,76.0,67.0,2.0,False,high Friendship,"use Thunder Stone, outside Alola","use Thunder Stone, in Alola",,,,,,Pichu,Pikachu,Raichu,Alolan,,,,,,,,,,
172,Pichu,Electric,,205.0,20.0,40.0,15.0,35.0,35.0,60.0,2.0,False,high Friendship,use Moon Stone,,,,,,,Cleffa,Clefairy,Clefable,,,,,,,,,,,
173,Cleffa,Fairy,,218.0,50.0,25.0,28.0,45.0,55.0,15.0,2.0,False,high Friendship,use Moon Stone,,,,,,,Igglybuff,Jigglypuff,Wigglytuff,,,,,,,,,,,
174,Igglybuff,Normal,Fairy,210.0,90.0,30.0,15.0,40.0,20.0,15.0,2.0,False,high Friendship,use Shiny Stone,,,,,,,Togepi,Togetic,Togekiss,,,,,,,,,,,
175,Togepi,Fairy,,245.0,35.0,20.0,65.0,40.0,65.0,20.0,2.0,False,high Friendship,use Shiny Stone,,,,,,,Togepi,Togetic,Togekiss,,,,,,,,,,,
176,Togetic,Fairy,Flying,405.0,55.0,40.0,85.0,80.0,105.0,40.0,2.0,False,Level 25,,,,,,,,Natu,Xatu,,,,,,,,,,,,
177,Natu,Psychic,Flying,320.0,40.0,50.0,45.0,70.0,45.0,70.0,2.0,False,Level 25,,,,,,,,Natu,Xatu,,,,,,,,,,,,
178,Xatu,Psychic,Flying,470.0,65.0,75.0,70.0,95.0,70.0,95.0,2.0,False,Level 15,Level 30,,,,,,,Mareep,Flaaffy,Ampharos,,,,,,,,,,,
179,Mareep,Electric,,280.0,55.0,40.0,40.0,65.0,45.0,35.0,2.0,False,Level 15,Level 30,,,,,,,Mareep,Flaaffy,Ampharos,,,,,,,,,,,
180,Flaaffy,Electric,,365.0,70.0,55.0,55.0,80.0,60.0,45.0,2.0,False,Level 15,Level 30,,,,,,,Mareep,Flaaffy,Ampharos,,,,,,,,,,,
181,Ampharos,Electric,,510.0,90.0,75.0,85.0,115.0,90.0,55.0,2.0,False,Level 21,use Leaf Stone,use Sun Stone,,,,,,Oddish,Gloom,Vileplume,Bellossom,,,,,,,,,,
182,Bellossom,Grass,,490.0,75.0,80.0,95.0,90.0,100.0,50.0,2.0,False,high Friendship,Level 18,,,,,,,Azurill,Marill,Azumarill,,,,,,,,,,,
183,Marill,Water,Fairy,250.0,70.0,20.0,50.0,20.0,50.0,40.0,2.0,False,high Friendship,Level 18,,,,,,,Azurill,Marill,Azumarill,,,,,,,,,,,
184,Azumarill,Water,Fairy,420.0,100.0,50.0,80.0,60.0,80.0,50.0,2.0,False,after Mimic learned,,,,,,,,Bonsly,Sudowoodo,,,,,,,,,,,,
185,Sudowoodo,Rock,,410.0,70.0,100.0,115.0,30.0,65.0,30.0,2.0,False,Level 25,use Water Stone,trade holding Kings Rock,,,,,,Poliwag,Poliwhirl,Poliwrath,Politoed,,,,,,,,,,
186,Politoed,Water,,500.0,90.0,75.0,75.0,90.0,100.0,70.0,2.0,False,Level 18,Level 27,,,,,,,Hoppip,Skiploom,Jumpluff,,,,,,,,,,,
187,Hoppip,Grass,Flying,250.0,35.0,35.0,40.0,35.0,55.0,50.0,2.0,False,Level 18,Level 27,,,,,,,Hoppip,Skiploom,Jumpluff,,,,,,,,,,,
188,Skiploom,Grass,Flying,340.0,55.0,45.0,50.0,45.0,65.0,80.0,2.0,False,Level 18,Level 27,,,,,,,Hoppip,Skiploom,Jumpluff,,,,,,,,,,,
189,Jumpluff,Grass,Flying,460.0,75.0,55.0,70.0,55.0,95.0,110.0,2.0,False,after Double Hit learned,,,,,,,,Aipom,Ambipom,,,,,,,,,,,,
190,Aipom,Normal,,360.0,55.0,70.0,55.0,40.0,55.0,85.0,2.0,False,use Sun Stone,,,,,,,,Sunkern,Sunflora,,,,,,,,,,,,
191,Sunkern,Grass,,180.0,30.0,30.0,30.0,30.0,30.0,30.0,2.0,False,use Sun Stone,,,,,,,,Sunkern,Sunflora,,,,,,,,,,,,
192,Sunflora,Grass,,425.0,75.0,75.0,55.0,105.0,85.0,30.0,2.0,False,after Ancient Power learned,,,,,,,,Yanma,Yanmega,,,,,,,,,,,,
193,Yanma,Bug,Flying,390.0,65.0,65.0,45.0,75.0,45.0,95.0,2.0,False,Level 20,,,,,,,,Wooper,Quagsire,,,,,,,,,,,,
194,Wooper,Water,Ground,210.0,55.0,45.0,45.0,25.0,25.0,15.0,2.0,False,Level 20,,,,,,,,Wooper,Quagsire,,,,,,,,,,,,
195,Quagsire,Water,Ground,430.0,95.0,85.0,85.0,65.0,65.0,35.0,2.0,False,use Water Stone,use Thunder Stone,use Fire Stone,"high Friendship, Daytime","high Friendship, Nighttime","use Leaf Stone, or level up near a Mossy Rock","use Ice Stone, or level up near an Icy Rock",,Eevee,Vaporeon,Jolteon,Flareon,Eevee,Espeon,Umbreon,Eevee,Leafeon,Glaceon,Eevee,,Sylveon,"after Fairy-type move learned, and either ♥♥ Affection in Gen 6-7 or high friendship in Gen 8+"
196,Espeon,Psychic,,525.0,65.0,65.0,60.0,130.0,95.0,110.0,2.0,False,use Water Stone,use Thunder Stone,use Fire Stone,"high Friendship, Daytime","high Friendship, Nighttime","use Leaf Stone, or level up near a Mossy Rock","use Ice Stone, or level up near an Icy Rock",,Eevee,Vaporeon,Jolteon,Flareon,Eevee,Espeon,Umbreon,Eevee,Leafeon,Glaceon,Eevee,,Sylveon,"after Fairy-type move learned, and either ♥♥ Affection in Gen 6-7 or high friendship in Gen 8+"
197,Umbreon,Dark,,525.0,95.0,65.0,110.0,60.0,130.0,65.0,2.0,False,use Dusk Stone,,,,,,,,Murkrow,Honchkrow,,,,,,,,,,,,
198,Murkrow,Dark,Flying,405.0,60.0,85.0,42.0,85.0,42.0,91.0,2.0,False,Level 37,trade holding Kings Rock,use Galarica Cuff,use Galarica Wreath,,,,,Slowpoke,Slowbro,Slowking,Galarian,Galarian,Galarian,,,,,,,,
199,Slowking,Water,Psychic,490.0,95.0,75.0,80.0,100.0,110.0,30.0,2.0,False,use Dusk Stone,,,,,,,,Misdreavus,Mismagius,,,,,,,,,,,,
200,Misdreavus,Ghost,,435.0,60.0,60.0,60.0,85.0,85.0,85.0,2.0,False,,,,,,,,,,,,,,,,,,,,,,
201,Unown,Psychic,,336.0,48.0,72.0,48.0,72.0,48.0,48.0,2.0,False,Level 15,,,,,,,,Wynaut,Wobbuffet,,,,,,,,,,,,
202,Wobbuffet,Psychic,,405.0,190.0,33.0,58.0,33.0,58.0,33.0,2.0,False,,,,,,,,,,,,,,,,,,,,,,
203,Girafarig,Normal,Psychic,455.0,70.0,80.0,65.0,90.0,65.0,85.0,2.0,False,Level 31,,,,,,,,Pineco,Forretress,,,,,,,,,,,,
204,Pineco,Bug,,290.0,50.0,65.0,90.0,35.0,35.0,15.0,2.0,False,Level 31,,,,,,,,Pineco,Forretress,,,,,,,,,,,,
205,Forretress,Bug,Steel,465.0,75.0,90.0,140.0,60.0,60.0,40.0,2.0,False,,,,,,,,,,,,,,,,,,,,,,
206,Dunsparce,Normal,,415.0,100.0,70.0,70.0,65.0,65.0,45.0,2.0,False,"hold Razor Fang, Nighttime",,,,,,,,Gligar,Gliscor,,,,,,,,,,,,
207,Gligar,Ground,Flying,430.0,65.0,75.0,105.0,35.0,65.0,85.0,2.0,False,trade holding Metal Coat,,,,,,,,Onix,Steelix,,,,,,,,,,,,
208,Steelix,Steel,Ground,510.0,75.0,85.0,200.0,55.0,65.0,30.0,2.0,False,Level 23,,,,,,,,Snubbull,Granbull,,,,,,,,,,,,
209,Snubbull,Fairy,,300.0,60.0,80.0,50.0,40.0,40.0,30.0,2.0,False,Level 23,,,,,,,,Snubbull,Granbull,,,,,,,,,,,,
210,Granbull,Fairy,,450.0,90.0,120.0,75.0,60.0,60.0,45.0,2.0,False,use Barb Barrage 20 times in Strong Style,,,,,,,,Qwilfish,Overqwil,,,,,,,,,,,,
211,Qwilfish,Water,Poison,430.0,65.0,95.0,75.0,55.0,55.0,85.0,2.0,False,trade holding Metal Coat,use Black Augurite,,,,,,,Scyther,Scizor,Kleavor,,,,,,,,,,,
212,Scizor,Bug,Steel,500.0,70.0,130.0,100.0,55.0,80.0,65.0,2.0,False,,,,,,,,,,,,,,,,,,,,,,
213,Shuckle,Bug,Rock,505.0,20.0,10.0,230.0,10.0,230.0,5.0,2.0,False,,,,,,,,,,,,,,,,,,,,,,
214,Heracross,Bug,Fighting,500.0,80.0,125.0,75.0,40.0,95.0,85.0,2.0,False,"hold Razor Claw, Nighttime","use Razor Claw, Daytime",,,,,,,Sneasel,Weavile,Sneasel,Sneasler,,,,,,,,,,
215,Sneasel,Dark,Ice,430.0,55.0,95.0,55.0,35.0,75.0,115.0,2.0,False,Level 30,"use Peat Block, under a full moon, in Legends: Arceus",,,,,,,Teddiursa,Ursaring,Ursaluna,,,,,,,,,,,
216,Teddiursa,Normal,,330.0,60.0,80.0,50.0,50.0,50.0,40.0,2.0,False,Level 30,"use Peat Block, under a full moon, in Legends: Arceus",,,,,,,Teddiursa,Ursaring,Ursaluna,,,,,,,,,,,
217,Ursaring,Normal,,500.0,90.0,130.0,75.0,75.0,75.0,55.0,2.0,False,Level 38,,,,,,,,Slugma,Magcargo,,,,,,,,,,,,
218,Slugma,Fire,,250.0,40.0,40.0,40.0,70.0,40.0,20.0,2.0,False,Level 38,,,,,,,,Slugma,Magcargo,,,,,,,,,,,,
219,Magcargo,Fire,Rock,410.0,50.0,50.0,120.0,80.0,80.0,30.0,2.0,False,Level 33,after Ancient Power learned,,,,,,,Swinub,Piloswine,Mamoswine,,,,,,,,,,,
220,Swinub,Ice,Ground,250.0,50.0,50.0,40.0,30.0,30.0,50.0,2.0,False,Level 33,after Ancient Power learned,,,,,,,Swinub,Piloswine,Mamoswine,,,,,,,,,,,
221,Piloswine,Ice,Ground,450.0,100.0,100.0,80.0,60.0,60.0,50.0,2.0,False,Level 38,,,,,,,,Galarian,Cursola,,,,,,,,,,,,
222,Corsola,Water,Rock,380.0,55.0,55.0,85.0,65.0,85.0,35.0,2.0,False,Level 25,,,,,,,,Remoraid,Octillery,,,,,,,,,,,,
223,Remoraid,Water,,300.0,35.0,65.0,35.0,65.0,35.0,65.0,2.0,False,Level 25,,,,,,,,Remoraid,Octillery,,,,,,,,,,,,
224,Octillery,Water,,480.0,75.0,105.0,75.0,105.0,75.0,45.0,2.0,False,,,,,,,,,,,,,,,,,,,,,,
225,Delibird,Ice,Flying,330.0,45.0,55.0,45.0,65.0,45.0,75.0,2.0,False,with Remoraid in party,,,,,,,,Mantyke,Mantine,,,,,,,,,,,,
226,Mantine,Water,Flying,465.0,65.0,40.0,70.0,80.0,140.0,70.0,2.0,False,,,,,,,,,,,,,,,,,,,,,,
227,Skarmory,Steel,Flying,465.0,65.0,80.0,140.0,40.0,70.0,70.0,2.0,False,Level 24,,,,,,,,Houndour,Houndoom,,,,,,,,,,,,
228,Houndour,Dark,Fire,330.0,45.0,60.0,30.0,80.0,50.0,65.0,2.0,False,Level 24,,,,,,,,Houndour,Houndoom,,,,,,,,,,,,
229,Houndoom,Dark,Fire,500.0,75.0,90.0,50.0,110.0,80.0,95.0,2.0,False,Level 32,trade holding Dragon Scale,,,,,,,Horsea,Seadra,Kingdra,,,,,,,,,,,
230,Kingdra,Water,Dragon,540.0,75.0,95.0,95.0,95.0,95.0,85.0,2.0,False,Level 25,,,,,,,,Phanpy,Donphan,,,,,,,,,,,,
231,Phanpy,Ground,,330.0,90.0,60.0,60.0,40.0,40.0,40.0,2.0,False,Level 25,,,,,,,,Phanpy,Donphan,,,,,,,,,,,,
232,Donphan,Ground,,500.0,90.0,120.0,120.0,60.0,60.0,50.0,2.0,False,trade holding Upgrade,trade holding Dubious Disc,,,,,,,Porygon,Porygon2,Porygon-Z,,,,,,,,,,,
233,Porygon2,Normal,,515.0,85.0,80.0,90.0,105.0,95.0,60.0,2.0,False,use Psyshield Bash 20 times in Agile Style,,,,,,,,Stantler,Wyrdeer,,,,,,,,,,,,
234,Stantler,Normal,,465.0,73.0,95.0,62.0,85.0,65.0,85.0,2.0,False,,,,,,,,,,,,,,,,,,,,,,
235,Smeargle,Normal,,250.0,55.0,20.0,35.0,20.0,45.0,75.0,2.0,False,"Level 20, Attack > Defense","Level 20, Attack < Defense","Level 20, Attack = Defense",,,,,,Tyrogue,Hitmonlee,Hitmonchan,Hitmontop,,,,,,,,,,
236,Tyrogue,Fighting,,210.0,35.0,35.0,35.0,35.0,35.0,35.0,2.0,False,"Level 20, Attack > Defense","Level 20, Attack < Defense","Level 20, Attack = Defense",,,,,,Tyrogue,Hitmonlee,Hitmonchan,Hitmontop,,,,,,,,,,
237,Hitmontop,Fighting,,455.0,50.0,95.0,95.0,35.0,110.0,70.0,2.0,False,Level 30,,,,,,,,Smoochum,Jynx,,,,,,,,,,,,
238,Smoochum,Ice,Psychic,305.0,45.0,30.0,15.0,85.0,65.0,65.0,2.0,False,Level 30,trade holding Electirizer,,,,,,,Elekid,Electabuzz,Electivire,,,,,,,,,,,
239,Elekid,Electric,,360.0,45.0,63.0,37.0,65.0,55.0,95.0,2.0,False,Level 30,trade holding Magmarizer,,,,,,,Magby,Magmar,Magmortar,,,,,,,,,,,
240,Magby,Fire,,365.0,45.0,75.0,37.0,70.0,55.0,83.0,2.0,False,,,,,,,,,,,,,,,,,,,,,,
241,Miltank,Normal,,490.0,95.0,80.0,105.0,40.0,70.0,100.0,2.0,False,"hold Oval Stone, Daytime",high Friendship,,,,,,,Happiny,Chansey,Blissey,,,,,,,,,,,
242,Blissey,Normal,,540.0,255.0,10.0,10.0,75.0,135.0,55.0,2.0,False,,,,,,,,,,,,,,,,,,,,,,
243,Raikou,Electric,,580.0,90.0,85.0,75.0,115.0,100.0,115.0,2.0,True,,,,,,,,,,,,,,,,,,,,,,
244,Entei,Fire,,580.0,115.0,115.0,85.0,90.0,75.0,100.0,2.0,True,,,,,,,,,,,,,,,,,,,,,,
245,Suicune,Water,,580.0,100.0,75.0,115.0,90.0,115.0,85.0,2.0,True,Level 30,Level 55,,,,,,,Larvitar,Pupitar,Tyranitar,,,,,,,,,,,
246,Larvitar,Rock,Ground,300.0,50.0,64.0,50.0,45.0,50.0,41.0,2.0,False,Level 30,Level 55,,,,,,,Larvitar,Pupitar,Tyranitar,,,,,,,,,,,
247,Pupitar,Rock,Ground,410.0,70.0,84.0,70.0,65.0,70.0,51.0,2.0,False,Level 30,Level 55,,,,,,,Larvitar,Pupitar,Tyranitar,,,,,,,,,,,
248,Tyranitar,Rock,Dark,600.0,100.0,134.0,110.0,95.0,100.0,61.0,2.0,False,,,,,,,,,,,,,,,,,,,,,,
249,Lugia,Psychic,Flying,680.0,106.0,90.0,130.0,90.0,154.0,110.0,2.0,True,,,,,,,,,,,,,,,,,,,,,,
250,Ho-oh,Fire,Flying,680.0,106.0,130.0,90.0,110.0,154.0,90.0,2.0,True,,,,,,,,,,,,,,,,,,,,,,
251,Celebi,Psychic,Grass,600.0,100.0,100.0,100.0,100.0,100.0,100.0,2.0,False,Level 16,Level 36,,,,,,,Treecko,Grovyle,Sceptile,,,,,,,,,,,
252,Treecko,Grass,,310.0,40.0,45.0,35.0,65.0,55.0,70.0,3.0,False,Level 16,Level 36,,,,,,,Treecko,Grovyle,Sceptile,,,,,,,,,,,
253,Grovyle,Grass,,405.0,50.0,65.0,45.0,85.0,65.0,95.0,3.0,False,Level 16,Level 36,,,,,,,Treecko,Grovyle,Sceptile,,,,,,,,,,,
254,Sceptile,Grass,,530.0,70.0,85.0,65.0,105.0,85.0,120.0,3.0,False,Level 16,Level 36,,,,,,,Torchic,Combusken,Blaziken,,,,,,,,,,,
255,Torchic,Fire,,310.0,45.0,60.0,40.0,70.0,50.0,45.0,3.0,False,Level 16,Level 36,,,,,,,Torchic,Combusken,Blaziken,,,,,,,,,,,
256,Combusken,Fire,Fighting,405.0,60.0,85.0,60.0,85.0,60.0,55.0,3.0,False,Level 16,Level 36,,,,,,,Torchic,Combusken,Blaziken,,,,,,,,,,,
257,Blaziken,Fire,Fighting,530.0,80.0,120.0,70.0,110.0,70.0,80.0,3.0,False,Level 16,Level 36,,,,,,,Mudkip,Marshtomp,Swampert,,,,,,,,,,,
258,Mudkip,Water,,310.0,50.0,70.0,50.0,50.0,50.0,40.0,3.0,False,Level 16,Level 36,,,,,,,Mudkip,Marshtomp,Swampert,,,,,,,,,,,
259,Marshtomp,Water,Ground,405.0,70.0,85.0,70.0,60.0,70.0,50.0,3.0,False,Level 16,Level 36,,,,,,,Mudkip,Marshtomp,Swampert,,,,,,,,,,,
260,Swampert,Water,Ground,535.0,100.0,110.0,90.0,85.0,90.0,60.0,3.0,False,Level 18,,,,,,,,Poochyena,Mightyena,,,,,,,,,,,,
261,Poochyena,Dark,,220.0,35.0,55.0,35.0,30.0,30.0,35.0,3.0,False,Level 18,,,,,,,,Poochyena,Mightyena,,,,,,,,,,,,
262,Mightyena,Dark,,420.0,70.0,90.0,70.0,60.0,60.0,70.0,3.0,False,Level 20,Level 20,"Level 35, Nighttime",,,,,,Zigzagoon,Linoone,Galarian,Galarian,Obstagoon,,,,,,,,,
263,Zigzagoon,Normal,,240.0,38.0,30.0,41.0,30.0,41.0,60.0,3.0,False,Level 20,Level 20,"Level 35, Nighttime",,,,,,Zigzagoon,Linoone,Galarian,Galarian,Obstagoon,,,,,,,,,
264,Linoone,Normal,,420.0,78.0,70.0,61.0,50.0,61.0,100.0,3.0,False,"Level 7, random based on personality",Level 10,"Level 7, random based on personality",Level 10,,,,,Wurmple,Silcoon,Beautifly,Cascoon,Dustox,,,,,,,,,
265,Wurmple,Bug,,195.0,45.0,45.0,35.0,20.0,30.0,20.0,3.0,False,"Level 7, random based on personality",Level 10,"Level 7, random based on personality",Level 10,,,,,Wurmple,Silcoon,Beautifly,Cascoon,Dustox,,,,,,,,,
266,Silcoon,Bug,,205.0,50.0,35.0,55.0,25.0,25.0,15.0,3.0,False,"Level 7, random based on personality",Level 10,"Level 7, random based on personality",Level 10,,,,,Wurmple,Silcoon,Beautifly,Cascoon,Dustox,,,,,,,,,
267,Beautifly,Bug,Flying,395.0,60.0,70.0,50.0,100.0,50.0,65.0,3.0,False,"Level 7, random based on personality",Level 10,"Level 7, random based on personality",Level 10,,,,,Wurmple,Silcoon,Beautifly,Cascoon,Dustox,,,,,,,,,
268,Cascoon,Bug,,205.0,50.0,35.0,55.0,25.0,25.0,15.0,3.0,False,"Level 7, random based on personality",Level 10,"Level 7, random based on personality",Level 10,,,,,Wurmple,Silcoon,Beautifly,Cascoon,Dustox,,,,,,,,,
269,Dustox,Bug,Poison,385.0,60.0,50.0,70.0,50.0,90.0,65.0,3.0,False,Level 14,use Water Stone,,,,,,,Lotad,Lombre,Ludicolo,,,,,,,,,,,
270,Lotad,Water,Grass,220.0,40.0,30.0,30.0,40.0,50.0,30.0,3.0,False,Level 14,use Water Stone,,,,,,,Lotad,Lombre,Ludicolo,,,,,,,,,,,
271,Lombre,Water,Grass,340.0,60.0,50.0,50.0,60.0,70.0,50.0,3.0,False,Level 14,use Water Stone,,,,,,,Lotad,Lombre,Ludicolo,,,,,,,,,,,
272,Ludicolo,Water,Grass,480.0,80.0,70.0,70.0,90.0,100.0,70.0,3.0,False,Level 14,use Leaf Stone,,,,,,,Seedot,Nuzleaf,Shiftry,,,,,,,,,,,
273,Seedot,Grass,,220.0,40.0,40.0,50.0,30.0,30.0,30.0,3.0,False,Level 14,use Leaf Stone,,,,,,,Seedot,Nuzleaf,Shiftry,,,,,,,,,,,
274,Nuzleaf,Grass,Dark,340.0,70.0,70.0,40.0,60.0,40.0,60.0,3.0,False,Level 14,use Leaf Stone,,,,,,,Seedot,Nuzleaf,Shiftry,,,,,,,,,,,
275,Shiftry,Grass,Dark,480.0,90.0,100.0,60.0,90.0,60.0,80.0,3.0,False,Level 22,,,,,,,,Taillow,Swellow,,,,,,,,,,,,
276,Taillow,Normal,Flying,270.0,40.0,55.0,30.0,30.0,30.0,85.0,3.0,False,Level 22,,,,,,,,Taillow,Swellow,,,,,,,,,,,,
277,Swellow,Normal,Flying,430.0,60.0,85.0,60.0,50.0,50.0,125.0,3.0,False,Level 25,,,,,,,,Wingull,Pelipper,,,,,,,,,,,,
278,Wingull,Water,Flying,270.0,40.0,30.0,30.0,55.0,30.0,85.0,3.0,False,Level 25,,,,,,,,Wingull,Pelipper,,,,,,,,,,,,
279,Pelipper,Water,Flying,430.0,60.0,50.0,100.0,85.0,70.0,65.0,3.0,False,Level 20,Level 30,"use Dawn Stone, Male",,,,,,Ralts,Kirlia,Gardevoir,Gallade,,,,,,,,,,
280,Ralts,Psychic,Fairy,198.0,28.0,25.0,25.0,45.0,35.0,40.0,3.0,False,Level 20,Level 30,"use Dawn Stone, Male",,,,,,Ralts,Kirlia,Gardevoir,Gallade,,,,,,,,,,
281,Kirlia,Psychic,Fairy,278.0,38.0,35.0,35.0,65.0,55.0,50.0,3.0,False,Level 20,Level 30,"use Dawn Stone, Male",,,,,,Ralts,Kirlia,Gardevoir,Gallade,,,,,,,,,,
282,Gardevoir,Psychic,Fairy,518.0,68.0,65.0,65.0,125.0,115.0,80.0,3.0,False,Level 22,,,,,,,,Surskit,Masquerain,,,,,,,,,,,,
283,Surskit,Bug,Water,269.0,40.0,30.0,32.0,50.0,52.0,65.0,3.0,False,Level 22,,,,,,,,Surskit,Masquerain,,,,,,,,,,,,
284,Masquerain,Bug,Flying,414.0,70.0,60.0,62.0,80.0,82.0,60.0,3.0,False,Level 23,,,,,,,,Shroomish,Breloom,,,,,,,,,,,,
285,Shroomish,Grass,,295.0,60.0,40.0,60.0,40.0,60.0,35.0,3.0,False,Level 23,,,,,,,,Shroomish,Breloom,,,,,,,,,,,,
286,Breloom,Grass,Fighting,460.0,60.0,130.0,80.0,60.0,60.0,70.0,3.0,False,Level 18,Level 36,,,,,,,Slakoth,Vigoroth,Slaking,,,,,,,,,,,
287,Slakoth,Normal,,280.0,60.0,60.0,60.0,35.0,35.0,30.0,3.0,False,Level 18,Level 36,,,,,,,Slakoth,Vigoroth,Slaking,,,,,,,,,,,
288,Vigoroth,Normal,,440.0,80.0,80.0,80.0,55.0,55.0,90.0,3.0,False,Level 18,Level 36,,,,,,,Slakoth,Vigoroth,Slaking,,,,,,,,,,,
289,Slaking,Normal,,670.0,150.0,160.0,100.0,95.0,65.0,100.0,3.0,False,Level 20,"Level 20, empty spot in party, Pokéball in bag",,,,,,,Nincada,Ninjask,Ninjask,Shedinja,,,,,,,,,,
290,Nincada,Bug,Ground,266.0,31.0,45.0,90.0,30.0,30.0,40.0,3.0,False,Level 20,"Level 20, empty spot in party, Pokéball in bag",,,,,,,Nincada,Ninjask,Ninjask,Shedinja,,,,,,,,,,
291,Ninjask,Bug,Flying,456.0,61.0,90.0,45.0,50.0,50.0,160.0,3.0,False,Level 20,"Level 20, empty spot in party, Pokéball in bag",,,,,,,Nincada,Ninjask,Ninjask,Shedinja,,,,,,,,,,
292,Shedinja,Bug,Ghost,236.0,1.0,90.0,45.0,30.0,30.0,40.0,3.0,False,Level 20,Level 40,,,,,,,Whismur,Loudred,Exploud,,,,,,,,,,,
293,Whismur,Normal,,240.0,64.0,51.0,23.0,51.0,23.0,28.0,3.0,False,Level 20,Level 40,,,,,,,Whismur,Loudred,Exploud,,,,,,,,,,,
294,Loudred,Normal,,360.0,84.0,71.0,43.0,71.0,43.0,48.0,3.0,False,Level 20,Level 40,,,,,,,Whismur,Loudred,Exploud,,,,,,,,,,,
295,Exploud,Normal,,490.0,104.0,91.0,63.0,91.0,73.0,68.0,3.0,False,Level 24,,,,,,,,Makuhita,Hariyama,,,,,,,,,,,,
296,Makuhita,Fighting,,237.0,72.0,60.0,30.0,20.0,30.0,25.0,3.0,False,Level 24,,,,,,,,Makuhita,Hariyama,,,,,,,,,,,,
297,Hariyama,Fighting,,474.0,144.0,120.0,60.0,40.0,60.0,50.0,3.0,False,high Friendship,Level 18,,,,,,,Azurill,Marill,Azumarill,,,,,,,,,,,
298,Azurill,Normal,Fairy,190.0,50.0,20.0,40.0,20.0,40.0,20.0,3.0,False,level up in a Magnetic Field area,,,,,,,,Nosepass,Probopass,,,,,,,,,,,,
299,Nosepass,Rock,,375.0,30.0,45.0,135.0,45.0,90.0,30.0,3.0,False,use Moon Stone,,,,,,,,Skitty,Delcatty,,,,,,,,,,,,
300,Skitty,Normal,,260.0,50.0,45.0,45.0,35.0,35.0,50.0,3.0,False,use Moon Stone,,,,,,,,Skitty,Delcatty,,,,,,,,,,,,
301,Delcatty,Normal,,380.0,70.0,65.0,65.0,55.0,55.0,70.0,3.0,False,,,,,,,,,,,,,,,,,,,,,,
302,Sableye,Dark,Ghost,380.0,50.0,75.0,75.0,65.0,65.0,50.0,3.0,False,,,,,,,,,,,,,,,,,,,,,,
303,Mawile,Steel,Fairy,380.0,50.0,85.0,85.0,55.0,55.0,50.0,3.0,False,Level 32,Level 42,,,,,,,Aron,Lairon,Aggron,,,,,,,,,,,
304,Aron,Steel,Rock,330.0,50.0,70.0,100.0,40.0,40.0,30.0,3.0,False,Level 32,Level 42,,,,,,,Aron,Lairon,Aggron,,,,,,,,,,,
305,Lairon,Steel,Rock,430.0,60.0,90.0,140.0,50.0,50.0,40.0,3.0,False,Level 32,Level 42,,,,,,,Aron,Lairon,Aggron,,,,,,,,,,,
306,Aggron,Steel,Rock,530.0,70.0,110.0,180.0,60.0,60.0,50.0,3.0,False,Level 37,,,,,,,,Meditite,Medicham,,,,,,,,,,,,
307,Meditite,Fighting,Psychic,280.0,30.0,40.0,55.0,40.0,55.0,60.0,3.0,False,Level 37,,,,,,,,Meditite,Medicham,,,,,,,,,,,,
308,Medicham,Fighting,Psychic,410.0,60.0,60.0,75.0,60.0,75.0,80.0,3.0,False,Level 26,,,,,,,,Electrike,Manectric,,,,,,,,,,,,
309,Electrike,Electric,,295.0,40.0,45.0,40.0,65.0,40.0,65.0,3.0,False,Level 26,,,,,,,,Electrike,Manectric,,,,,,,,,,,,
310,Manectric,Electric,,475.0,70.0,75.0,60.0,105.0,60.0,105.0,3.0,False,,,,,,,,,,,,,,,,,,,,,,
311,Plusle,Electric,,405.0,60.0,50.0,40.0,85.0,75.0,95.0,3.0,False,,,,,,,,,,,,,,,,,,,,,,
312,Minun,Electric,,405.0,60.0,40.0,50.0,75.0,85.0,95.0,3.0,False,,,,,,,,,,,,,,,,,,,,,,
313,Volbeat,Bug,,400.0,65.0,73.0,55.0,47.0,75.0,85.0,3.0,False,,,,,,,,,,,,,,,,,,,,,,
314,Illumise,Bug,,400.0,65.0,47.0,55.0,73.0,75.0,85.0,3.0,False,"high Friendship, Daytime",use Shiny Stone,,,,,,,Budew,Roselia,Roserade,,,,,,,,,,,
315,Roselia,Grass,Poison,400.0,50.0,60.0,45.0,100.0,80.0,65.0,3.0,False,Level 26,,,,,,,,Gulpin,Swalot,,,,,,,,,,,,
316,Gulpin,Poison,,302.0,70.0,43.0,53.0,43.0,53.0,40.0,3.0,False,Level 26,,,,,,,,Gulpin,Swalot,,,,,,,,,,,,
317,Swalot,Poison,,467.0,100.0,73.0,83.0,73.0,83.0,55.0,3.0,False,Level 30,,,,,,,,Carvanha,Sharpedo,,,,,,,,,,,,
318,Carvanha,Water,Dark,305.0,45.0,90.0,20.0,65.0,20.0,65.0,3.0,False,Level 30,,,,,,,,Carvanha,Sharpedo,,,,,,,,,,,,
319,Sharpedo,Water,Dark,460.0,70.0,120.0,40.0,95.0,40.0,95.0,3.0,False,Level 40,,,,,,,,Wailmer,Wailord,,,,,,,,,,,,
320,Wailmer,Water,,400.0,130.0,70.0,35.0,70.0,35.0,60.0,3.0,False,Level 40,,,,,,,,Wailmer,Wailord,,,,,,,,,,,,
321,Wailord,Water,,500.0,170.0,90.0,45.0,90.0,45.0,60.0,3.0,False,Level 33,,,,,,,,Numel,Camerupt,,,,,,,,,,,,
322,Numel,Fire,Ground,305.0,60.0,60.0,40.0,65.0,45.0,35.0,3.0,False,Level 33,,,,,,,,Numel,Camerupt,,,,,,,,,,,,
323,Camerupt,Fire,Ground,460.0,70.0,100.0,70.0,105.0,75.0,40.0,3.0,False,,,,,,,,,,,,,,,,,,,,,,
324,Torkoal,Fire,,470.0,70.0,85.0,140.0,85.0,70.0,20.0,3.0,False,Level 32,,,,,,,,Spoink,Grumpig,,,,,,,,,,,,
325,Spoink,Psychic,,330.0,60.0,25.0,35.0,70.0,80.0,60.0,3.0,False,Level 32,,,,,,,,Spoink,Grumpig,,,,,,,,,,,,
326,Grumpig,Psychic,,470.0,80.0,45.0,65.0,90.0,110.0,80.0,3.0,False,,,,,,,,,,,,,,,,,,,,,,
327,Spinda,Normal,,360.0,60.0,60.0,60.0,60.0,60.0,60.0,3.0,False,Level 35,Level 45,,,,,,,Trapinch,Vibrava,Flygon,,,,,,,,,,,
328,Trapinch,Ground,,290.0,45.0,100.0,45.0,45.0,45.0,10.0,3.0,False,Level 35,Level 45,,,,,,,Trapinch,Vibrava,Flygon,,,,,,,,,,,
329,Vibrava,Ground,Dragon,340.0,50.0,70.0,50.0,50.0,50.0,70.0,3.0,False,Level 35,Level 45,,,,,,,Trapinch,Vibrava,Flygon,,,,,,,,,,,
330,Flygon,Ground,Dragon,520.0,80.0,100.0,80.0,80.0,80.0,100.0,3.0,False,Level 32,,,,,,,,Cacnea,Cacturne,,,,,,,,,,,,
331,Cacnea,Grass,,335.0,50.0,85.0,40.0,85.0,40.0,35.0,3.0,False,Level 32,,,,,,,,Cacnea,Cacturne,,,,,,,,,,,,
332,Cacturne,Grass,Dark,475.0,70.0,115.0,60.0,115.0,60.0,55.0,3.0,False,Level 35,,,,,,,,Swablu,Altaria,,,,,,,,,,,,
333,Swablu,Normal,Flying,310.0,45.0,40.0,60.0,40.0,75.0,50.0,3.0,False,Level 35,,,,,,,,Swablu,Altaria,,,,,,,,,,,,
334,Altaria,Dragon,Flying,490.0,75.0,70.0,90.0,70.0,105.0,80.0,3.0,False,,,,,,,,,,,,,,,,,,,,,,
335,Zangoose,Normal,,458.0,73.0,115.0,60.0,60.0,60.0,90.0,3.0,False,,,,,,,,,,,,,,,,,,,,,,
336,Seviper,Poison,,458.0,73.0,100.0,60.0,100.0,60.0,65.0,3.0,False,,,,,,,,,,,,,,,,,,,,,,
337,Lunatone,Rock,Psychic,440.0,70.0,55.0,65.0,95.0,85.0,70.0,3.0,False,,,,,,,,,,,,,,,,,,,,,,
338,Solrock,Rock,Psychic,440.0,70.0,95.0,85.0,55.0,65.0,70.0,3.0,False,Level 30,,,,,,,,Barboach,Whiscash,,,,,,,,,,,,
339,Barboach,Water,Ground,288.0,50.0,48.0,43.0,46.0,41.0,60.0,3.0,False,Level 30,,,,,,,,Barboach,Whiscash,,,,,,,,,,,,
340,Whiscash,Water,Ground,468.0,110.0,78.0,73.0,76.0,71.0,60.0,3.0,False,Level 30,,,,,,,,Corphish,Crawdaunt,,,,,,,,,,,,
341,Corphish,Water,,308.0,43.0,80.0,65.0,50.0,35.0,35.0,3.0,False,Level 30,,,,,,,,Corphish,Crawdaunt,,,,,,,,,,,,
342,Crawdaunt,Water,Dark,468.0,63.0,120.0,85.0,90.0,55.0,55.0,3.0,False,Level 36,,,,,,,,Baltoy,Claydol,,,,,,,,,,,,
343,Baltoy,Ground,Psychic,300.0,40.0,40.0,55.0,40.0,70.0,55.0,3.0,False,Level 36,,,,,,,,Baltoy,Claydol,,,,,,,,,,,,
344,Claydol,Ground,Psychic,500.0,60.0,70.0,105.0,70.0,120.0,75.0,3.0,False,Level 40,,,,,,,,Lileep,Cradily,,,,,,,,,,,,
345,Lileep,Rock,Grass,355.0,66.0,41.0,77.0,61.0,87.0,23.0,3.0,False,Level 40,,,,,,,,Lileep,Cradily,,,,,,,,,,,,
346,Cradily,Rock,Grass,495.0,86.0,81.0,97.0,81.0,107.0,43.0,3.0,False,Level 40,,,,,,,,Anorith,Armaldo,,,,,,,,,,,,
347,Anorith,Rock,Bug,355.0,45.0,95.0,50.0,40.0,50.0,75.0,3.0,False,Level 40,,,,,,,,Anorith,Armaldo,,,,,,,,,,,,
348,Armaldo,Rock,Bug,495.0,75.0,125.0,100.0,70.0,80.0,45.0,3.0,False,"trade holding Prism Scale, or level up with max Beauty",,,,,,,,Feebas,Milotic,,,,,,,,,,,,
349,Feebas,Water,,200.0,20.0,15.0,20.0,10.0,55.0,80.0,3.0,False,"trade holding Prism Scale, or level up with max Beauty",,,,,,,,Feebas,Milotic,,,,,,,,,,,,
350,Milotic,Water,,540.0,95.0,60.0,79.0,100.0,125.0,81.0,3.0,False,,,,,,,,,,,,,,,,,,,,,,
351,Castform,Normal,,420.0,70.0,70.0,70.0,70.0,70.0,70.0,3.0,False,,,,,,,,,,,,,,,,,,,,,,
352,Kecleon,Normal,,440.0,60.0,90.0,70.0,60.0,120.0,40.0,3.0,False,Level 37,,,,,,,,Shuppet,Banette,,,,,,,,,,,,
353,Shuppet,Ghost,,295.0,44.0,75.0,35.0,63.0,33.0,45.0,3.0,False,Level 37,,,,,,,,Shuppet,Banette,,,,,,,,,,,,
354,Banette,Ghost,,455.0,64.0,115.0,65.0,83.0,63.0,65.0,3.0,False,Level 37,trade holding Reaper Cloth,,,,,,,Duskull,Dusclops,Dusknoir,,,,,,,,,,,
355,Duskull,Ghost,,295.0,20.0,40.0,90.0,30.0,90.0,25.0,3.0,False,Level 37,trade holding Reaper Cloth,,,,,,,Duskull,Dusclops,Dusknoir,,,,,,,,,,,
356,Dusclops,Ghost,,455.0,40.0,70.0,130.0,60.0,130.0,25.0,3.0,False,,,,,,,,,,,,,,,,,,,,,,
357,Tropius,Grass,Flying,460.0,99.0,68.0,83.0,72.0,87.0,51.0,3.0,False,"high Friendship, Nighttime",,,,,,,,Chingling,Chimecho,,,,,,,,,,,,
358,Chimecho,Psychic,,425.0,65.0,50.0,70.0,95.0,80.0,65.0,3.0,False,,,,,,,,,,,,,,,,,,,,,,
359,Absol,Dark,,465.0,65.0,130.0,60.0,75.0,60.0,75.0,3.0,False,Level 15,,,,,,,,Wynaut,Wobbuffet,,,,,,,,,,,,
360,Wynaut,Psychic,,260.0,95.0,23.0,48.0,23.0,48.0,23.0,3.0,False,Level 42,"use Dawn Stone, Female",,,,,,,Snorunt,Glalie,Froslass,,,,,,,,,,,
361,Snorunt,Ice,,300.0,50.0,50.0,50.0,50.0,50.0,50.0,3.0,False,Level 42,"use Dawn Stone, Female",,,,,,,Snorunt,Glalie,Froslass,,,,,,,,,,,
362,Glalie,Ice,,480.0,80.0,80.0,80.0,80.0,80.0,80.0,3.0,False,Level 32,Level 44,,,,,,,Spheal,Sealeo,Walrein,,,,,,,,,,,
363,Spheal,Ice,Water,290.0,70.0,40.0,50.0,55.0,50.0,25.0,3.0,False,Level 32,Level 44,,,,,,,Spheal,Sealeo,Walrein,,,,,,,,,,,
364,Sealeo,Ice,Water,410.0,90.0,60.0,70.0,75.0,70.0,45.0,3.0,False,Level 32,Level 44,,,,,,,Spheal,Sealeo,Walrein,,,,,,,,,,,
365,Walrein,Ice,Water,530.0,110.0,80.0,90.0,95.0,90.0,65.0,3.0,False,trade holding Deep Sea Tooth,trade holding Deep Sea Scale,,,,,,,Clamperl,Huntail,Gorebyss,,,,,,,,,,,
366,Clamperl,Water,,345.0,35.0,64.0,85.0,74.0,55.0,32.0,3.0,False,trade holding Deep Sea Tooth,trade holding Deep Sea Scale,,,,,,,Clamperl,Huntail,Gorebyss,,,,,,,,,,,
367,Huntail,Water,,485.0,55.0,104.0,105.0,94.0,75.0,52.0,3.0,False,trade holding Deep Sea Tooth,trade holding Deep Sea Scale,,,,,,,Clamperl,Huntail,Gorebyss,,,,,,,,,,,
368,Gorebyss,Water,,485.0,55.0,84.0,105.0,114.0,75.0,52.0,3.0,False,,,,,,,,,,,,,,,,,,,,,,
369,Relicanth,Water,Rock,485.0,100.0,90.0,130.0,45.0,65.0,55.0,3.0,False,,,,,,,,,,,,,,,,,,,,,,
370,Luvdisc,Water,,330.0,43.0,30.0,55.0,40.0,65.0,97.0,3.0,False,Level 30,Level 50,,,,,,,Bagon,Shelgon,Salamence,,,,,,,,,,,
371,Bagon,Dragon,,300.0,45.0,75.0,60.0,40.0,30.0,50.0,3.0,False,Level 30,Level 50,,,,,,,Bagon,Shelgon,Salamence,,,,,,,,,,,
372,Shelgon,Dragon,,420.0,65.0,95.0,100.0,60.0,50.0,50.0,3.0,False,Level 30,Level 50,,,,,,,Bagon,Shelgon,Salamence,,,,,,,,,,,
373,Salamence,Dragon,Flying,600.0,95.0,135.0,80.0,110.0,80.0,100.0,3.0,False,Level 20,Level 45,,,,,,,Beldum,Metang,Metagross,,,,,,,,,,,
374,Beldum,Steel,Psychic,300.0,40.0,55.0,80.0,35.0,60.0,30.0,3.0,False,Level 20,Level 45,,,,,,,Beldum,Metang,Metagross,,,,,,,,,,,
375,Metang,Steel,Psychic,420.0,60.0,75.0,100.0,55.0,80.0,50.0,3.0,False,Level 20,Level 45,,,,,,,Beldum,Metang,Metagross,,,,,,,,,,,
376,Metagross,Steel,Psychic,600.0,80.0,135.0,130.0,95.0,90.0,70.0,3.0,False,,,,,,,,,,,,,,,,,,,,,,
377,Regirock,Rock,,580.0,80.0,100.0,200.0,50.0,100.0,50.0,3.0,True,,,,,,,,,,,,,,,,,,,,,,
378,Regice,Ice,,580.0,80.0,50.0,100.0,100.0,200.0,50.0,3.0,True,,,,,,,,,,,,,,,,,,,,,,
379,Registeel,Steel,,580.0,80.0,75.0,150.0,75.0,150.0,50.0,3.0,True,,,,,,,,,,,,,,,,,,,,,,
380,Latias,Dragon,Psychic,600.0,80.0,80.0,90.0,110.0,130.0,110.0,3.0,True,,,,,,,,,,,,,,,,,,,,,,
381,Latios,Dragon,Psychic,600.0,80.0,90.0,80.0,130.0,110.0,110.0,3.0,True,,,,,,,,,,,,,,,,,,,,,,
382,Kyogre,Water,,670.0,100.0,100.0,90.0,150.0,140.0,90.0,3.0,True,,,,,,,,,,,,,,,,,,,,,,
383,Groudon,Ground,,670.0,100.0,150.0,140.0,100.0,90.0,90.0,3.0,True,,,,,,,,,,,,,,,,,,,,,,
384,Rayquaza,Dragon,Flying,680.0,105.0,150.0,90.0,150.0,90.0,95.0,3.0,True,,,,,,,,,,,,,,,,,,,,,,
385,Jirachi,Steel,Psychic,600.0,100.0,100.0,100.0,100.0,100.0,100.0,3.0,True,,,,,,,,,,,,,,,,,,,,,,
386,DeoxysNormal Forme,Psychic,,600.0,50.0,150.0,50.0,150.0,50.0,150.0,3.0,True,Level 18,Level 32,,,,,,,Turtwig,Grotle,Torterra,,,,,,,,,,,
387,Turtwig,Grass,,318.0,55.0,68.0,64.0,45.0,55.0,31.0,4.0,False,Level 18,Level 32,,,,,,,Turtwig,Grotle,Torterra,,,,,,,,,,,
388,Grotle,Grass,,405.0,75.0,89.0,85.0,55.0,65.0,36.0,4.0,False,Level 18,Level 32,,,,,,,Turtwig,Grotle,Torterra,,,,,,,,,,,
389,Torterra,Grass,Ground,525.0,95.0,109.0,105.0,75.0,85.0,56.0,4.0,False,Level 14,Level 36,,,,,,,Chimchar,Monferno,Infernape,,,,,,,,,,,
390,Chimchar,Fire,,309.0,44.0,58.0,44.0,58.0,44.0,61.0,4.0,False,Level 14,Level 36,,,,,,,Chimchar,Monferno,Infernape,,,,,,,,,,,
391,Monferno,Fire,Fighting,405.0,64.0,78.0,52.0,78.0,52.0,81.0,4.0,False,Level 14,Level 36,,,,,,,Chimchar,Monferno,Infernape,,,,,,,,,,,
392,Infernape,Fire,Fighting,534.0,76.0,104.0,71.0,104.0,71.0,108.0,4.0,False,Level 16,Level 36,,,,,,,Piplup,Prinplup,Empoleon,,,,,,,,,,,
393,Piplup,Water,,314.0,53.0,51.0,53.0,61.0,56.0,40.0,4.0,False,Level 16,Level 36,,,,,,,Piplup,Prinplup,Empoleon,,,,,,,,,,,
394,Prinplup,Water,,405.0,64.0,66.0,68.0,81.0,76.0,50.0,4.0,False,Level 16,Level 36,,,,,,,Piplup,Prinplup,Empoleon,,,,,,,,,,,
395,Empoleon,Water,Steel,530.0,84.0,86.0,88.0,111.0,101.0,60.0,4.0,False,Level 14,Level 34,,,,,,,Starly,Staravia,Staraptor,,,,,,,,,,,
396,Starly,Normal,Flying,245.0,40.0,55.0,30.0,30.0,30.0,60.0,4.0,False,Level 14,Level 34,,,,,,,Starly,Staravia,Staraptor,,,,,,,,,,,
397,Staravia,Normal,Flying,340.0,55.0,75.0,50.0,40.0,40.0,80.0,4.0,False,Level 14,Level 34,,,,,,,Starly,Staravia,Staraptor,,,,,,,,,,,
398,Staraptor,Normal,Flying,485.0,85.0,120.0,70.0,50.0,60.0,100.0,4.0,False,Level 15,,,,,,,,Bidoof,Bibarel,,,,,,,,,,,,
399,Bidoof,Normal,,250.0,59.0,45.0,40.0,35.0,40.0,31.0,4.0,False,Level 15,,,,,,,,Bidoof,Bibarel,,,,,,,,,,,,
400,Bibarel,Normal,Water,410.0,79.0,85.0,60.0,55.0,60.0,71.0,4.0,False,Level 10,,,,,,,,Kricketot,Kricketune,,,,,,,,,,,,
401,Kricketot,Bug,,194.0,37.0,25.0,41.0,25.0,41.0,25.0,4.0,False,Level 10,,,,,,,,Kricketot,Kricketune,,,,,,,,,,,,
402,Kricketune,Bug,,384.0,77.0,85.0,51.0,55.0,51.0,65.0,4.0,False,Level 15,Level 30,,,,,,,Shinx,Luxio,Luxray,,,,,,,,,,,
403,Shinx,Electric,,263.0,45.0,65.0,34.0,40.0,34.0,45.0,4.0,False,Level 15,Level 30,,,,,,,Shinx,Luxio,Luxray,,,,,,,,,,,
404,Luxio,Electric,,363.0,60.0,85.0,49.0,60.0,49.0,60.0,4.0,False,Level 15,Level 30,,,,,,,Shinx,Luxio,Luxray,,,,,,,,,,,
405,Luxray,Electric,,523.0,80.0,120.0,79.0,95.0,79.0,70.0,4.0,False,"high Friendship, Daytime",use Shiny Stone,,,,,,,Budew,Roselia,Roserade,,,,,,,,,,,
406,Budew,Grass,Poison,280.0,40.0,30.0,35.0,50.0,70.0,55.0,4.0,False,"high Friendship, Daytime",use Shiny Stone,,,,,,,Budew,Roselia,Roserade,,,,,,,,,,,
407,Roserade,Grass,Poison,515.0,60.0,70.0,65.0,125.0,105.0,90.0,4.0,False,Level 30,,,,,,,,Cranidos,Rampardos,,,,,,,,,,,,
408,Cranidos,Rock,,350.0,67.0,125.0,40.0,30.0,30.0,58.0,4.0,False,Level 30,,,,,,,,Cranidos,Rampardos,,,,,,,,,,,,
409,Rampardos,Rock,,495.0,97.0,165.0,60.0,65.0,50.0,58.0,4.0,False,Level 30,,,,,,,,Shieldon,Bastiodon,,,,,,,,,,,,
410,Shieldon,Rock,Steel,350.0,30.0,42.0,118.0,42.0,88.0,30.0,4.0,False,Level 30,,,,,,,,Shieldon,Bastiodon,,,,,,,,,,,,
411,Bastiodon,Rock,Steel,495.0,60.0,52.0,168.0,47.0,138.0,30.0,4.0,False,"Level 20, Male","Level 20, Female, in grass","Level 20, Female, in caves","Level 20, Female, in buildings",,,,,Burmy,Mothim,Burmy,Wormadam,Burmy,Wormadam,Burmy,Wormadam,,,,,,
412,Burmy,Bug,,224.0,40.0,29.0,45.0,29.0,45.0,36.0,4.0,False,,,,,,,,,,,,,,,,,,,,,,
413,WormadamPlant Cloak,Bug,Grass,424.0,60.0,59.0,85.0,79.0,105.0,36.0,4.0,False,"Level 20, Male","Level 20, Female, in grass","Level 20, Female, in caves","Level 20, Female, in buildings",,,,,Burmy,Mothim,Burmy,Wormadam,Burmy,Wormadam,Burmy,Wormadam,,,,,,
414,Mothim,Bug,Flying,424.0,70.0,94.0,50.0,94.0,50.0,66.0,4.0,False,"Level 21, Female",,,,,,,,Combee,Vespiquen,,,,,,,,,,,,
415,Combee,Bug,Flying,244.0,30.0,30.0,42.0,30.0,42.0,70.0,4.0,False,"Level 21, Female",,,,,,,,Combee,Vespiquen,,,,,,,,,,,,
416,Vespiquen,Bug,Flying,474.0,70.0,80.0,102.0,80.0,102.0,40.0,4.0,False,,,,,,,,,,,,,,,,,,,,,,
417,Pachirisu,Electric,,405.0,60.0,45.0,70.0,45.0,90.0,95.0,4.0,False,Level 26,,,,,,,,Buizel,Floatzel,,,,,,,,,,,,
418,Buizel,Water,,330.0,55.0,65.0,35.0,60.0,30.0,85.0,4.0,False,Level 26,,,,,,,,Buizel,Floatzel,,,,,,,,,,,,
419,Floatzel,Water,,495.0,85.0,105.0,55.0,85.0,50.0,115.0,4.0,False,Level 25,,,,,,,,Cherubi,Cherrim,,,,,,,,,,,,
420,Cherubi,Grass,,275.0,45.0,35.0,45.0,62.0,53.0,35.0,4.0,False,Level 25,,,,,,,,Cherubi,Cherrim,,,,,,,,,,,,
421,Cherrim,Grass,,450.0,70.0,60.0,70.0,87.0,78.0,85.0,4.0,False,Level 30,,,,,,,,Shellos,Gastrodon,,,,,,,,,,,,
422,Shellos,Water,,325.0,76.0,48.0,48.0,57.0,62.0,34.0,4.0,False,Level 30,,,,,,,,Shellos,Gastrodon,,,,,,,,,,,,
423,Gastrodon,Water,Ground,475.0,111.0,83.0,68.0,92.0,82.0,39.0,4.0,False,after Double Hit learned,,,,,,,,Aipom,Ambipom,,,,,,,,,,,,
424,Ambipom,Normal,,482.0,75.0,100.0,66.0,60.0,66.0,115.0,4.0,False,Level 28,,,,,,,,Drifloon,Drifblim,,,,,,,,,,,,
425,Drifloon,Ghost,Flying,348.0,90.0,50.0,34.0,60.0,44.0,70.0,4.0,False,Level 28,,,,,,,,Drifloon,Drifblim,,,,,,,,,,,,
426,Drifblim,Ghost,Flying,498.0,150.0,80.0,44.0,90.0,54.0,80.0,4.0,False,high Friendship,,,,,,,,Buneary,Lopunny,,,,,,,,,,,,
427,Buneary,Normal,,350.0,55.0,66.0,44.0,44.0,56.0,85.0,4.0,False,high Friendship,,,,,,,,Buneary,Lopunny,,,,,,,,,,,,
428,Lopunny,Normal,,480.0,65.0,76.0,84.0,54.0,96.0,105.0,4.0,False,use Dusk Stone,,,,,,,,Misdreavus,Mismagius,,,,,,,,,,,,
429,Mismagius,Ghost,,495.0,60.0,60.0,60.0,105.0,105.0,105.0,4.0,False,use Dusk Stone,,,,,,,,Murkrow,Honchkrow,,,,,,,,,,,,
430,Honchkrow,Dark,Flying,505.0,100.0,125.0,52.0,105.0,52.0,71.0,4.0,False,Level 38,,,,,,,,Glameow,Purugly,,,,,,,,,,,,
431,Glameow,Normal,,310.0,49.0,55.0,42.0,42.0,37.0,85.0,4.0,False,Level 38,,,,,,,,Glameow,Purugly,,,,,,,,,,,,
432,Purugly,Normal,,452.0,71.0,82.0,64.0,64.0,59.0,112.0,4.0,False,"high Friendship, Nighttime",,,,,,,,Chingling,Chimecho,,,,,,,,,,,,
433,Chingling,Psychic,,285.0,45.0,30.0,50.0,65.0,50.0,45.0,4.0,False,Level 34,,,,,,,,Stunky,Skuntank,,,,,,,,,,,,
434,Stunky,Poison,Dark,329.0,63.0,63.0,47.0,41.0,41.0,74.0,4.0,False,Level 34,,,,,,,,Stunky,Skuntank,,,,,,,,,,,,
435,Skuntank,Poison,Dark,479.0,103.0,93.0,67.0,71.0,61.0,84.0,4.0,False,Level 33,,,,,,,,Bronzor,Bronzong,,,,,,,,,,,,
436,Bronzor,Steel,Psychic,300.0,57.0,24.0,86.0,24.0,86.0,23.0,4.0,False,Level 33,,,,,,,,Bronzor,Bronzong,,,,,,,,,,,,
437,Bronzong,Steel,Psychic,500.0,67.0,89.0,116.0,79.0,116.0,33.0,4.0,False,after Mimic learned,,,,,,,,Bonsly,Sudowoodo,,,,,,,,,,,,
438,Bonsly,Rock,,290.0,50.0,80.0,95.0,10.0,45.0,10.0,4.0,False,,,,,,,,,,,,,,,,,,,,,,
439,Mime Jr.,Psychic,Fairy,310.0,20.0,25.0,45.0,70.0,90.0,60.0,4.0,False,"hold Oval Stone, Daytime",high Friendship,,,,,,,Happiny,Chansey,Blissey,,,,,,,,,,,
440,Happiny,Normal,,220.0,100.0,5.0,5.0,15.0,65.0,30.0,4.0,False,,,,,,,,,,,,,,,,,,,,,,
441,Chatot,Normal,Flying,411.0,76.0,65.0,45.0,92.0,42.0,91.0,4.0,False,,,,,,,,,,,,,,,,,,,,,,
442,Spiritomb,Ghost,Dark,485.0,50.0,92.0,108.0,92.0,108.0,35.0,4.0,False,Level 24,Level 48,,,,,,,Gible,Gabite,Garchomp,,,,,,,,,,,
443,Gible,Dragon,Ground,300.0,58.0,70.0,45.0,40.0,45.0,42.0,4.0,False,Level 24,Level 48,,,,,,,Gible,Gabite,Garchomp,,,,,,,,,,,
444,Gabite,Dragon,Ground,410.0,68.0,90.0,65.0,50.0,55.0,82.0,4.0,False,Level 24,Level 48,,,,,,,Gible,Gabite,Garchomp,,,,,,,,,,,
445,Garchomp,Dragon,Ground,600.0,108.0,130.0,95.0,80.0,85.0,102.0,4.0,False,high Friendship,,,,,,,,Munchlax,Snorlax,,,,,,,,,,,,
446,Munchlax,Normal,,390.0,135.0,85.0,40.0,40.0,85.0,5.0,4.0,False,"high Friendship, Daytime",,,,,,,,Riolu,Lucario,,,,,,,,,,,,
447,Riolu,Fighting,,285.0,40.0,70.0,40.0,35.0,40.0,60.0,4.0,False,"high Friendship, Daytime",,,,,,,,Riolu,Lucario,,,,,,,,,,,,
448,Lucario,Fighting,Steel,525.0,70.0,110.0,70.0,115.0,70.0,90.0,4.0,False,Level 34,,,,,,,,Hippopotas,Hippowdon,,,,,,,,,,,,
449,Hippopotas,Ground,,330.0,68.0,72.0,78.0,38.0,42.0,32.0,4.0,False,Level 34,,,,,,,,Hippopotas,Hippowdon,,,,,,,,,,,,
450,Hippowdon,Ground,,525.0,108.0,112.0,118.0,68.0,72.0,47.0,4.0,False,Level 40,,,,,,,,Skorupi,Drapion,,,,,,,,,,,,
451,Skorupi,Poison,Bug,330.0,40.0,50.0,90.0,30.0,55.0,65.0,4.0,False,Level 40,,,,,,,,Skorupi,Drapion,,,,,,,,,,,,
452,Drapion,Poison,Dark,500.0,70.0,90.0,110.0,60.0,75.0,95.0,4.0,False,Level 37,,,,,,,,Croagunk,Toxicroak,,,,,,,,,,,,
453,Croagunk,Poison,Fighting,300.0,48.0,61.0,40.0,61.0,40.0,50.0,4.0,False,Level 37,,,,,,,,Croagunk,Toxicroak,,,,,,,,,,,,
454,Toxicroak,Poison,Fighting,490.0,83.0,106.0,65.0,86.0,65.0,85.0,4.0,False,,,,,,,,,,,,,,,,,,,,,,
455,Carnivine,Grass,,454.0,74.0,100.0,72.0,90.0,72.0,46.0,4.0,False,Level 31,,,,,,,,Finneon,Lumineon,,,,,,,,,,,,
456,Finneon,Water,,330.0,49.0,49.0,56.0,49.0,61.0,66.0,4.0,False,Level 31,,,,,,,,Finneon,Lumineon,,,,,,,,,,,,
457,Lumineon,Water,,460.0,69.0,69.0,76.0,69.0,86.0,91.0,4.0,False,with Remoraid in party,,,,,,,,Mantyke,Mantine,,,,,,,,,,,,
458,Mantyke,Water,Flying,345.0,45.0,20.0,50.0,60.0,120.0,50.0,4.0,False,Level 40,,,,,,,,Snover,Abomasnow,,,,,,,,,,,,
459,Snover,Grass,Ice,334.0,60.0,62.0,50.0,62.0,60.0,40.0,4.0,False,Level 40,,,,,,,,Snover,Abomasnow,,,,,,,,,,,,
460,Abomasnow,Grass,Ice,494.0,90.0,92.0,75.0,92.0,85.0,60.0,4.0,False,"hold Razor Claw, Nighttime","use Razor Claw, Daytime",,,,,,,Sneasel,Weavile,Sneasel,Sneasler,,,,,,,,,,
461,Weavile,Dark,Ice,510.0,70.0,120.0,65.0,45.0,85.0,125.0,4.0,False,Level 30,level up in a Magnetic Field area,,,,,,,Magnemite,Magneton,Magnezone,,,,,,,,,,,
462,Magnezone,Electric,Steel,535.0,70.0,70.0,115.0,130.0,90.0,60.0,4.0,False,after Rollout learned,,,,,,,,Lickitung,Lickilicky,,,,,,,,,,,,
463,Lickilicky,Normal,,515.0,110.0,85.0,95.0,80.0,95.0,50.0,4.0,False,Level 42,trade holding Protector,,,,,,,Rhyhorn,Rhydon,Rhyperior,,,,,,,,,,,
464,Rhyperior,Ground,Rock,535.0,115.0,140.0,130.0,55.0,55.0,40.0,4.0,False,after Ancient Power learned,,,,,,,,Tangela,Tangrowth,,,,,,,,,,,,
465,Tangrowth,Grass,,535.0,100.0,100.0,125.0,110.0,50.0,50.0,4.0,False,Level 30,trade holding Electirizer,,,,,,,Elekid,Electabuzz,Electivire,,,,,,,,,,,
466,Electivire,Electric,,540.0,75.0,123.0,67.0,95.0,85.0,95.0,4.0,False,Level 30,trade holding Magmarizer,,,,,,,Magby,Magmar,Magmortar,,,,,,,,,,,
467,Magmortar,Fire,,540.0,75.0,95.0,67.0,125.0,95.0,83.0,4.0,False,high Friendship,use Shiny Stone,,,,,,,Togepi,Togetic,Togekiss,,,,,,,,,,,
468,Togekiss,Fairy,Flying,545.0,85.0,50.0,95.0,120.0,115.0,80.0,4.0,False,after Ancient Power learned,,,,,,,,Yanma,Yanmega,,,,,,,,,,,,
469,Yanmega,Bug,Flying,515.0,86.0,76.0,86.0,116.0,56.0,95.0,4.0,False,use Water Stone,use Thunder Stone,use Fire Stone,"high Friendship, Daytime","high Friendship, Nighttime","use Leaf Stone, or level up near a Mossy Rock","use Ice Stone, or level up near an Icy Rock",,Eevee,Vaporeon,Jolteon,Flareon,Eevee,Espeon,Umbreon,Eevee,Leafeon,Glaceon,Eevee,,Sylveon,"after Fairy-type move learned, and either ♥♥ Affection in Gen 6-7 or high friendship in Gen 8+"
470,Leafeon,Grass,,525.0,65.0,110.0,130.0,60.0,65.0,95.0,4.0,False,use Water Stone,use Thunder Stone,use Fire Stone,"high Friendship, Daytime","high Friendship, Nighttime","use Leaf Stone, or level up near a Mossy Rock","use Ice Stone, or level up near an Icy Rock",,Eevee,Vaporeon,Jolteon,Flareon,Eevee,Espeon,Umbreon,Eevee,Leafeon,Glaceon,Eevee,,Sylveon,"after Fairy-type move learned, and either ♥♥ Affection in Gen 6-7 or high friendship in Gen 8+"
471,Glaceon,Ice,,525.0,65.0,60.0,110.0,130.0,95.0,65.0,4.0,False,"hold Razor Fang, Nighttime",,,,,,,,Gligar,Gliscor,,,,,,,,,,,,
472,Gliscor,Ground,Flying,510.0,75.0,95.0,125.0,45.0,75.0,95.0,4.0,False,Level 33,after Ancient Power learned,,,,,,,Swinub,Piloswine,Mamoswine,,,,,,,,,,,
473,Mamoswine,Ice,Ground,530.0,110.0,130.0,80.0,70.0,60.0,80.0,4.0,False,trade holding Upgrade,trade holding Dubious Disc,,,,,,,Porygon,Porygon2,Porygon-Z,,,,,,,,,,,
474,Porygon-Z,Normal,,535.0,85.0,80.0,70.0,135.0,75.0,90.0,4.0,False,Level 20,Level 30,"use Dawn Stone, Male",,,,,,Ralts,Kirlia,Gardevoir,Gallade,,,,,,,,,,
475,Gallade,Psychic,Fighting,518.0,68.0,125.0,65.0,65.0,115.0,80.0,4.0,False,level up in a Magnetic Field area,,,,,,,,Nosepass,Probopass,,,,,,,,,,,,
476,Probopass,Rock,Steel,525.0,60.0,55.0,145.0,75.0,150.0,40.0,4.0,False,Level 37,trade holding Reaper Cloth,,,,,,,Duskull,Dusclops,Dusknoir,,,,,,,,,,,
477,Dusknoir,Ghost,,525.0,45.0,100.0,135.0,65.0,135.0,45.0,4.0,False,Level 42,"use Dawn Stone, Female",,,,,,,Snorunt,Glalie,Froslass,,,,,,,,,,,
478,Froslass,Ice,Ghost,480.0,70.0,80.0,70.0,80.0,70.0,110.0,4.0,False,,,,,,,,,,,,,,,,,,,,,,
479,Rotom,Electric,Ghost,440.0,50.0,50.0,77.0,95.0,77.0,91.0,4.0,False,,,,,,,,,,,,,,,,,,,,,,
480,Uxie,Psychic,,580.0,75.0,75.0,130.0,75.0,130.0,95.0,4.0,True,,,,,,,,,,,,,,,,,,,,,,
481,Mesprit,Psychic,,580.0,80.0,105.0,105.0,105.0,105.0,80.0,4.0,True,,,,,,,,,,,,,,,,,,,,,,
482,Azelf,Psychic,,580.0,75.0,125.0,70.0,125.0,70.0,115.0,4.0,True,,,,,,,,,,,,,,,,,,,,,,
483,Dialga,Steel,Dragon,680.0,100.0,120.0,120.0,150.0,100.0,90.0,4.0,True,,,,,,,,,,,,,,,,,,,,,,
484,Palkia,Water,Dragon,680.0,90.0,120.0,100.0,150.0,120.0,100.0,4.0,True,,,,,,,,,,,,,,,,,,,,,,
485,Heatran,Fire,Steel,600.0,91.0,90.0,106.0,130.0,106.0,77.0,4.0,True,,,,,,,,,,,,,,,,,,,,,,
486,Regigigas,Normal,,670.0,110.0,160.0,110.0,80.0,110.0,100.0,4.0,True,,,,,,,,,,,,,,,,,,,,,,
487,GiratinaAltered Forme,Ghost,Dragon,680.0,150.0,100.0,120.0,100.0,120.0,90.0,4.0,True,,,,,,,,,,,,,,,,,,,,,,
488,Cresselia,Psychic,,600.0,120.0,70.0,120.0,75.0,130.0,85.0,4.0,False,,,,,,,,,,,,,,,,,,,,,,
489,Phione,Water,,480.0,80.0,80.0,80.0,80.0,80.0,80.0,4.0,False,,,,,,,,,,,,,,,,,,,,,,
490,Manaphy,Water,,600.0,100.0,100.0,100.0,100.0,100.0,100.0,4.0,False,,,,,,,,,,,,,,,,,,,,,,
491,Darkrai,Dark,,600.0,70.0,90.0,90.0,135.0,90.0,125.0,4.0,True,,,,,,,,,,,,,,,,,,,,,,
492,ShayminLand Forme,Grass,,600.0,100.0,100.0,100.0,100.0,100.0,100.0,4.0,True,,,,,,,,,,,,,,,,,,,,,,
493,Arceus,Normal,,720.0,120.0,120.0,120.0,120.0,120.0,120.0,4.0,True,,,,,,,,,,,,,,,,,,,,,,
494,Victini,Psychic,Fire,600.0,100.0,100.0,100.0,100.0,100.0,100.0,5.0,True,Level 17,Level 36,,,,,,,Snivy,Servine,Serperior,,,,,,,,,,,
495,Snivy,Grass,,308.0,45.0,45.0,55.0,45.0,55.0,63.0,5.0,False,Level 17,Level 36,,,,,,,Snivy,Servine,Serperior,,,,,,,,,,,
496,Servine,Grass,,413.0,60.0,60.0,75.0,60.0,75.0,83.0,5.0,False,Level 17,Level 36,,,,,,,Snivy,Servine,Serperior,,,,,,,,,,,
497,Serperior,Grass,,528.0,75.0,75.0,95.0,75.0,95.0,113.0,5.0,False,Level 17,Level 36,,,,,,,Tepig,Pignite,Emboar,,,,,,,,,,,
498,Tepig,Fire,,308.0,65.0,63.0,45.0,45.0,45.0,45.0,5.0,False,Level 17,Level 36,,,,,,,Tepig,Pignite,Emboar,,,,,,,,,,,
499,Pignite,Fire,Fighting,418.0,90.0,93.0,55.0,70.0,55.0,55.0,5.0,False,Level 17,Level 36,,,,,,,Tepig,Pignite,Emboar,,,,,,,,,,,
500,Emboar,Fire,Fighting,528.0,110.0,123.0,65.0,100.0,65.0,65.0,5.0,False,Level 17,Level 36,"Level 36, in Legends: Arceus",,,,,,Oshawott,Dewott,Samurott,Samurott,,,,,,,,,,
501,Oshawott,Water,,308.0,55.0,55.0,45.0,63.0,45.0,45.0,5.0,False,Level 17,Level 36,"Level 36, in Legends: Arceus",,,,,,Oshawott,Dewott,Samurott,Samurott,,,,,,,,,,
502,Dewott,Water,,413.0,75.0,75.0,60.0,83.0,60.0,60.0,5.0,False,Level 17,Level 36,"Level 36, in Legends: Arceus",,,,,,Oshawott,Dewott,Samurott,Samurott,,,,,,,,,,
503,Samurott,Water,,528.0,95.0,100.0,85.0,108.0,70.0,70.0,5.0,False,Level 20,,,,,,,,Patrat,Watchog,,,,,,,,,,,,
504,Patrat,Normal,,255.0,45.0,55.0,39.0,35.0,39.0,42.0,5.0,False,Level 20,,,,,,,,Patrat,Watchog,,,,,,,,,,,,
505,Watchog,Normal,,420.0,60.0,85.0,69.0,60.0,69.0,77.0,5.0,False,Level 16,Level 32,,,,,,,Lillipup,Herdier,Stoutland,,,,,,,,,,,
506,Lillipup,Normal,,275.0,45.0,60.0,45.0,25.0,45.0,55.0,5.0,False,Level 16,Level 32,,,,,,,Lillipup,Herdier,Stoutland,,,,,,,,,,,
507,Herdier,Normal,,370.0,65.0,80.0,65.0,35.0,65.0,60.0,5.0,False,Level 16,Level 32,,,,,,,Lillipup,Herdier,Stoutland,,,,,,,,,,,
508,Stoutland,Normal,,500.0,85.0,110.0,90.0,45.0,90.0,80.0,5.0,False,Level 20,,,,,,,,Purrloin,Liepard,,,,,,,,,,,,
509,Purrloin,Dark,,281.0,41.0,50.0,37.0,50.0,37.0,66.0,5.0,False,Level 20,,,,,,,,Purrloin,Liepard,,,,,,,,,,,,
510,Liepard,Dark,,446.0,64.0,88.0,50.0,88.0,50.0,106.0,5.0,False,use Leaf Stone,,,,,,,,Pansage,Simisage,,,,,,,,,,,,
511,Pansage,Grass,,316.0,50.0,53.0,48.0,53.0,48.0,64.0,5.0,False,use Leaf Stone,,,,,,,,Pansage,Simisage,,,,,,,,,,,,
512,Simisage,Grass,,498.0,75.0,98.0,63.0,98.0,63.0,101.0,5.0,False,use Fire Stone,,,,,,,,Pansear,Simisear,,,,,,,,,,,,
513,Pansear,Fire,,316.0,50.0,53.0,48.0,53.0,48.0,64.0,5.0,False,use Fire Stone,,,,,,,,Pansear,Simisear,,,,,,,,,,,,
514,Simisear,Fire,,498.0,75.0,98.0,63.0,98.0,63.0,101.0,5.0,False,use Water Stone,,,,,,,,Panpour,Simipour,,,,,,,,,,,,
515,Panpour,Water,,316.0,50.0,53.0,48.0,53.0,48.0,64.0,5.0,False,use Water Stone,,,,,,,,Panpour,Simipour,,,,,,,,,,,,
516,Simipour,Water,,498.0,75.0,98.0,63.0,98.0,63.0,101.0,5.0,False,use Moon Stone,,,,,,,,Munna,Musharna,,,,,,,,,,,,
517,Munna,Psychic,,292.0,76.0,25.0,45.0,67.0,55.0,24.0,5.0,False,use Moon Stone,,,,,,,,Munna,Musharna,,,,,,,,,,,,
518,Musharna,Psychic,,487.0,116.0,55.0,85.0,107.0,95.0,29.0,5.0,False,Level 21,Level 32,,,,,,,Pidove,Tranquill,Unfezant,,,,,,,,,,,
519,Pidove,Normal,Flying,264.0,50.0,55.0,50.0,36.0,30.0,43.0,5.0,False,Level 21,Level 32,,,,,,,Pidove,Tranquill,Unfezant,,,,,,,,,,,
520,Tranquill,Normal,Flying,358.0,62.0,77.0,62.0,50.0,42.0,65.0,5.0,False,Level 21,Level 32,,,,,,,Pidove,Tranquill,Unfezant,,,,,,,,,,,
521,Unfezant,Normal,Flying,488.0,80.0,115.0,80.0,65.0,55.0,93.0,5.0,False,Level 27,,,,,,,,Blitzle,Zebstrika,,,,,,,,,,,,
522,Blitzle,Electric,,295.0,45.0,60.0,32.0,50.0,32.0,76.0,5.0,False,Level 27,,,,,,,,Blitzle,Zebstrika,,,,,,,,,,,,
523,Zebstrika,Electric,,497.0,75.0,100.0,63.0,80.0,63.0,116.0,5.0,False,Level 25,Trade,,,,,,,Roggenrola,Boldore,Gigalith,,,,,,,,,,,
524,Roggenrola,Rock,,280.0,55.0,75.0,85.0,25.0,25.0,15.0,5.0,False,Level 25,Trade,,,,,,,Roggenrola,Boldore,Gigalith,,,,,,,,,,,
525,Boldore,Rock,,390.0,70.0,105.0,105.0,50.0,40.0,20.0,5.0,False,Level 25,Trade,,,,,,,Roggenrola,Boldore,Gigalith,,,,,,,,,,,
526,Gigalith,Rock,,515.0,85.0,135.0,130.0,60.0,80.0,25.0,5.0,False,high Friendship,,,,,,,,Woobat,Swoobat,,,,,,,,,,,,
527,Woobat,Psychic,Flying,313.0,55.0,45.0,43.0,55.0,43.0,72.0,5.0,False,high Friendship,,,,,,,,Woobat,Swoobat,,,,,,,,,,,,
528,Swoobat,Psychic,Flying,425.0,67.0,57.0,55.0,77.0,55.0,114.0,5.0,False,Level 31,,,,,,,,Drilbur,Excadrill,,,,,,,,,,,,
529,Drilbur,Ground,,328.0,60.0,85.0,40.0,30.0,45.0,68.0,5.0,False,Level 31,,,,,,,,Drilbur,Excadrill,,,,,,,,,,,,
530,Excadrill,Ground,Steel,508.0,110.0,135.0,60.0,50.0,65.0,88.0,5.0,False,,,,,,,,,,,,,,,,,,,,,,
531,Audino,Normal,,445.0,103.0,60.0,86.0,60.0,86.0,50.0,5.0,False,Level 25,Trade,,,,,,,Timburr,Gurdurr,Conkeldurr,,,,,,,,,,,
532,Timburr,Fighting,,305.0,75.0,80.0,55.0,25.0,35.0,35.0,5.0,False,Level 25,Trade,,,,,,,Timburr,Gurdurr,Conkeldurr,,,,,,,,,,,
533,Gurdurr,Fighting,,405.0,85.0,105.0,85.0,40.0,50.0,40.0,5.0,False,Level 25,Trade,,,,,,,Timburr,Gurdurr,Conkeldurr,,,,,,,,,,,
534,Conkeldurr,Fighting,,505.0,105.0,140.0,95.0,55.0,65.0,45.0,5.0,False,Level 25,Level 36,,,,,,,Tympole,Palpitoad,Seismitoad,,,,,,,,,,,
535,Tympole,Water,,294.0,50.0,50.0,40.0,50.0,40.0,64.0,5.0,False,Level 25,Level 36,,,,,,,Tympole,Palpitoad,Seismitoad,,,,,,,,,,,
536,Palpitoad,Water,Ground,384.0,75.0,65.0,55.0,65.0,55.0,69.0,5.0,False,Level 25,Level 36,,,,,,,Tympole,Palpitoad,Seismitoad,,,,,,,,,,,
537,Seismitoad,Water,Ground,509.0,105.0,95.0,75.0,85.0,75.0,74.0,5.0,False,,,,,,,,,,,,,,,,,,,,,,
538,Throh,Fighting,,465.0,120.0,100.0,85.0,30.0,85.0,45.0,5.0,False,,,,,,,,,,,,,,,,,,,,,,
539,Sawk,Fighting,,465.0,75.0,125.0,75.0,30.0,75.0,85.0,5.0,False,Level 20,high Friendship,,,,,,,Sewaddle,Swadloon,Leavanny,,,,,,,,,,,
540,Sewaddle,Bug,Grass,310.0,45.0,53.0,70.0,40.0,60.0,42.0,5.0,False,Level 20,high Friendship,,,,,,,Sewaddle,Swadloon,Leavanny,,,,,,,,,,,
541,Swadloon,Bug,Grass,380.0,55.0,63.0,90.0,50.0,80.0,42.0,5.0,False,Level 20,high Friendship,,,,,,,Sewaddle,Swadloon,Leavanny,,,,,,,,,,,
542,Leavanny,Bug,Grass,500.0,75.0,103.0,80.0,70.0,80.0,92.0,5.0,False,Level 22,Level 30,,,,,,,Venipede,Whirlipede,Scolipede,,,,,,,,,,,
543,Venipede,Bug,Poison,260.0,30.0,45.0,59.0,30.0,39.0,57.0,5.0,False,Level 22,Level 30,,,,,,,Venipede,Whirlipede,Scolipede,,,,,,,,,,,
544,Whirlipede,Bug,Poison,360.0,40.0,55.0,99.0,40.0,79.0,47.0,5.0,False,Level 22,Level 30,,,,,,,Venipede,Whirlipede,Scolipede,,,,,,,,,,,
545,Scolipede,Bug,Poison,485.0,60.0,100.0,89.0,55.0,69.0,112.0,5.0,False,use Sun Stone,,,,,,,,Cottonee,Whimsicott,,,,,,,,,,,,
546,Cottonee,Grass,Fairy,280.0,40.0,27.0,60.0,37.0,50.0,66.0,5.0,False,use Sun Stone,,,,,,,,Cottonee,Whimsicott,,,,,,,,,,,,
547,Whimsicott,Grass,Fairy,480.0,60.0,67.0,85.0,77.0,75.0,116.0,5.0,False,use Sun Stone,"use Sun Stone, in Legends: Arceus",,,,,,,Petilil,Lilligant,Lilligant,,,,,,,,,,,
548,Petilil,Grass,,280.0,45.0,35.0,50.0,70.0,50.0,30.0,5.0,False,use Sun Stone,"use Sun Stone, in Legends: Arceus",,,,,,,Petilil,Lilligant,Lilligant,,,,,,,,,,,
549,Lilligant,Grass,,480.0,70.0,60.0,75.0,110.0,75.0,90.0,5.0,False,"Male, receive 294 recoil damage in battle","Female, receive 294 recoil damage in battle",,,,,,,Basculin,Basculegion,Basculegion,,,,,,,,,,,
550,Basculin,Water,,460.0,70.0,92.0,65.0,80.0,55.0,98.0,5.0,False,Level 29,Level 40,,,,,,,Sandile,Krokorok,Krookodile,,,,,,,,,,,
551,Sandile,Ground,Dark,292.0,50.0,72.0,35.0,35.0,35.0,65.0,5.0,False,Level 29,Level 40,,,,,,,Sandile,Krokorok,Krookodile,,,,,,,,,,,
552,Krokorok,Ground,Dark,351.0,60.0,82.0,45.0,45.0,45.0,74.0,5.0,False,Level 29,Level 40,,,,,,,Sandile,Krokorok,Krookodile,,,,,,,,,,,
553,Krookodile,Ground,Dark,519.0,95.0,117.0,80.0,65.0,70.0,92.0,5.0,False,Level 35,use Ice Stone,,,,,,,Darumaka,Darmanitan,Galarian,Darmanitan,,,,,,,,,,
554,Darumaka,Fire,,315.0,70.0,90.0,45.0,15.0,45.0,50.0,5.0,False,,,,,,,,,,,,,,,,,,,,,,
555,DarmanitanStandard Mode,Fire,,480.0,105.0,140.0,55.0,30.0,55.0,95.0,5.0,False,,,,,,,,,,,,,,,,,,,,,,
556,Maractus,Grass,,461.0,75.0,86.0,67.0,106.0,67.0,60.0,5.0,False,Level 34,,,,,,,,Dwebble,Crustle,,,,,,,,,,,,
557,Dwebble,Bug,Rock,325.0,50.0,65.0,85.0,35.0,35.0,55.0,5.0,False,Level 34,,,,,,,,Dwebble,Crustle,,,,,,,,,,,,
558,Crustle,Bug,Rock,475.0,70.0,95.0,125.0,65.0,75.0,45.0,5.0,False,Level 39,,,,,,,,Scraggy,Scrafty,,,,,,,,,,,,
559,Scraggy,Dark,Fighting,348.0,50.0,75.0,70.0,35.0,70.0,48.0,5.0,False,Level 39,,,,,,,,Scraggy,Scrafty,,,,,,,,,,,,
560,Scrafty,Dark,Fighting,488.0,65.0,90.0,115.0,45.0,115.0,58.0,5.0,False,,,,,,,,,,,,,,,,,,,,,,
561,Sigilyph,Psychic,Flying,490.0,72.0,58.0,80.0,103.0,80.0,97.0,5.0,False,Level 34,near Dusty Bowl,,,,,,,Yamask,Cofagrigus,Galarian,Runerigus,,,,,,,,,,
562,Yamask,Ghost,,303.0,38.0,30.0,85.0,55.0,65.0,30.0,5.0,False,Level 34,near Dusty Bowl,,,,,,,Yamask,Cofagrigus,Galarian,Runerigus,,,,,,,,,,
563,Cofagrigus,Ghost,,483.0,58.0,50.0,145.0,95.0,105.0,30.0,5.0,False,Level 37,,,,,,,,Tirtouga,Carracosta,,,,,,,,,,,,
564,Tirtouga,Water,Rock,355.0,54.0,78.0,103.0,53.0,45.0,22.0,5.0,False,Level 37,,,,,,,,Tirtouga,Carracosta,,,,,,,,,,,,
565,Carracosta,Water,Rock,495.0,74.0,108.0,133.0,83.0,65.0,32.0,5.0,False,Level 37,,,,,,,,Archen,Archeops,,,,,,,,,,,,
566,Archen,Rock,Flying,401.0,55.0,112.0,45.0,74.0,45.0,70.0,5.0,False,Level 37,,,,,,,,Archen,Archeops,,,,,,,,,,,,
567,Archeops,Rock,Flying,567.0,75.0,140.0,65.0,112.0,65.0,110.0,5.0,False,Level 36,,,,,,,,Trubbish,Garbodor,,,,,,,,,,,,
568,Trubbish,Poison,,329.0,50.0,50.0,62.0,40.0,62.0,65.0,5.0,False,Level 36,,,,,,,,Trubbish,Garbodor,,,,,,,,,,,,
569,Garbodor,Poison,,474.0,80.0,95.0,82.0,60.0,82.0,75.0,5.0,False,Level 30,"Level 30, in Legends: Arceus",,,,,,,Zorua,Zoroark,Zorua,Zoroark,,,,,,,,,,
570,Zorua,Dark,,330.0,40.0,65.0,40.0,80.0,40.0,65.0,5.0,False,Level 30,"Level 30, in Legends: Arceus",,,,,,,Zorua,Zoroark,Zorua,Zoroark,,,,,,,,,,
571,Zoroark,Dark,,510.0,60.0,105.0,60.0,120.0,60.0,105.0,5.0,False,use Shiny Stone,,,,,,,,Minccino,Cinccino,,,,,,,,,,,,
572,Minccino,Normal,,300.0,55.0,50.0,40.0,40.0,40.0,75.0,5.0,False,use Shiny Stone,,,,,,,,Minccino,Cinccino,,,,,,,,,,,,
573,Cinccino,Normal,,470.0,75.0,95.0,60.0,65.0,60.0,115.0,5.0,False,Level 32,Level 41,,,,,,,Gothita,Gothorita,Gothitelle,,,,,,,,,,,
574,Gothita,Psychic,,290.0,45.0,30.0,50.0,55.0,65.0,45.0,5.0,False,Level 32,Level 41,,,,,,,Gothita,Gothorita,Gothitelle,,,,,,,,,,,
575,Gothorita,Psychic,,390.0,60.0,45.0,70.0,75.0,85.0,55.0,5.0,False,Level 32,Level 41,,,,,,,Gothita,Gothorita,Gothitelle,,,,,,,,,,,
576,Gothitelle,Psychic,,490.0,70.0,55.0,95.0,95.0,110.0,65.0,5.0,False,Level 32,Level 41,,,,,,,Solosis,Duosion,Reuniclus,,,,,,,,,,,
577,Solosis,Psychic,,290.0,45.0,30.0,40.0,105.0,50.0,20.0,5.0,False,Level 32,Level 41,,,,,,,Solosis,Duosion,Reuniclus,,,,,,,,,,,
578,Duosion,Psychic,,370.0,65.0,40.0,50.0,125.0,60.0,30.0,5.0,False,Level 32,Level 41,,,,,,,Solosis,Duosion,Reuniclus,,,,,,,,,,,
579,Reuniclus,Psychic,,490.0,110.0,65.0,75.0,125.0,85.0,30.0,5.0,False,Level 35,,,,,,,,Ducklett,Swanna,,,,,,,,,,,,
580,Ducklett,Water,Flying,305.0,62.0,44.0,50.0,44.0,50.0,55.0,5.0,False,Level 35,,,,,,,,Ducklett,Swanna,,,,,,,,,,,,
581,Swanna,Water,Flying,473.0,75.0,87.0,63.0,87.0,63.0,98.0,5.0,False,Level 35,Level 47,,,,,,,Vanillite,Vanillish,Vanilluxe,,,,,,,,,,,
582,Vanillite,Ice,,305.0,36.0,50.0,50.0,65.0,60.0,44.0,5.0,False,Level 35,Level 47,,,,,,,Vanillite,Vanillish,Vanilluxe,,,,,,,,,,,
583,Vanillish,Ice,,395.0,51.0,65.0,65.0,80.0,75.0,59.0,5.0,False,Level 35,Level 47,,,,,,,Vanillite,Vanillish,Vanilluxe,,,,,,,,,,,
584,Vanilluxe,Ice,,535.0,71.0,95.0,85.0,110.0,95.0,79.0,5.0,False,Level 34,,,,,,,,Deerling,Sawsbuck,,,,,,,,,,,,
585,Deerling,Normal,Grass,335.0,60.0,60.0,50.0,40.0,50.0,75.0,5.0,False,Level 34,,,,,,,,Deerling,Sawsbuck,,,,,,,,,,,,
586,Sawsbuck,Normal,Grass,475.0,80.0,100.0,70.0,60.0,70.0,95.0,5.0,False,,,,,,,,,,,,,,,,,,,,,,
587,Emolga,Electric,Flying,428.0,55.0,75.0,60.0,75.0,60.0,103.0,5.0,False,Trade with Shelmet,,,,,,,,Karrablast,Escavalier,,,,,,,,,,,,
588,Karrablast,Bug,,315.0,50.0,75.0,45.0,40.0,45.0,60.0,5.0,False,Trade with Shelmet,,,,,,,,Karrablast,Escavalier,,,,,,,,,,,,
589,Escavalier,Bug,Steel,495.0,70.0,135.0,105.0,60.0,105.0,20.0,5.0,False,Level 39,,,,,,,,Foongus,Amoonguss,,,,,,,,,,,,
590,Foongus,Grass,Poison,294.0,69.0,55.0,45.0,55.0,55.0,15.0,5.0,False,Level 39,,,,,,,,Foongus,Amoonguss,,,,,,,,,,,,
591,Amoonguss,Grass,Poison,464.0,114.0,85.0,70.0,85.0,80.0,30.0,5.0,False,Level 40,,,,,,,,Frillish,Jellicent,,,,,,,,,,,,
592,Frillish,Water,Ghost,335.0,55.0,40.0,50.0,65.0,85.0,40.0,5.0,False,Level 40,,,,,,,,Frillish,Jellicent,,,,,,,,,,,,
593,Jellicent,Water,Ghost,480.0,100.0,60.0,70.0,85.0,105.0,60.0,5.0,False,,,,,,,,,,,,,,,,,,,,,,
594,Alomomola,Water,,470.0,165.0,75.0,80.0,40.0,45.0,65.0,5.0,False,Level 36,,,,,,,,Joltik,Galvantula,,,,,,,,,,,,
595,Joltik,Bug,Electric,319.0,50.0,47.0,50.0,57.0,50.0,65.0,5.0,False,Level 36,,,,,,,,Joltik,Galvantula,,,,,,,,,,,,
596,Galvantula,Bug,Electric,472.0,70.0,77.0,60.0,97.0,60.0,108.0,5.0,False,Level 40,,,,,,,,Ferroseed,Ferrothorn,,,,,,,,,,,,
597,Ferroseed,Grass,Steel,305.0,44.0,50.0,91.0,24.0,86.0,10.0,5.0,False,Level 40,,,,,,,,Ferroseed,Ferrothorn,,,,,,,,,,,,
598,Ferrothorn,Grass,Steel,489.0,74.0,94.0,131.0,54.0,116.0,20.0,5.0,False,Level 38,Level 49,,,,,,,Klink,Klang,Klinklang,,,,,,,,,,,
599,Klink,Steel,,300.0,40.0,55.0,70.0,45.0,60.0,30.0,5.0,False,Level 38,Level 49,,,,,,,Klink,Klang,Klinklang,,,,,,,,,,,
600,Klang,Steel,,440.0,60.0,80.0,95.0,70.0,85.0,50.0,5.0,False,Level 38,Level 49,,,,,,,Klink,Klang,Klinklang,,,,,,,,,,,
601,Klinklang,Steel,,520.0,60.0,100.0,115.0,70.0,85.0,90.0,5.0,False,Level 39,use Thunder Stone,,,,,,,Tynamo,Eelektrik,Eelektross,,,,,,,,,,,
602,Tynamo,Electric,,275.0,35.0,55.0,40.0,45.0,40.0,60.0,5.0,False,Level 39,use Thunder Stone,,,,,,,Tynamo,Eelektrik,Eelektross,,,,,,,,,,,
603,Eelektrik,Electric,,405.0,65.0,85.0,70.0,75.0,70.0,40.0,5.0,False,Level 39,use Thunder Stone,,,,,,,Tynamo,Eelektrik,Eelektross,,,,,,,,,,,
604,Eelektross,Electric,,515.0,85.0,115.0,80.0,105.0,80.0,50.0,5.0,False,Level 42,,,,,,,,Elgyem,Beheeyem,,,,,,,,,,,,
605,Elgyem,Psychic,,335.0,55.0,55.0,55.0,85.0,55.0,30.0,5.0,False,Level 42,,,,,,,,Elgyem,Beheeyem,,,,,,,,,,,,
606,Beheeyem,Psychic,,485.0,75.0,75.0,75.0,125.0,95.0,40.0,5.0,False,Level 41,use Dusk Stone,,,,,,,Litwick,Lampent,Chandelure,,,,,,,,,,,
607,Litwick,Ghost,Fire,275.0,50.0,30.0,55.0,65.0,55.0,20.0,5.0,False,Level 41,use Dusk Stone,,,,,,,Litwick,Lampent,Chandelure,,,,,,,,,,,
608,Lampent,Ghost,Fire,370.0,60.0,40.0,60.0,95.0,60.0,55.0,5.0,False,Level 41,use Dusk Stone,,,,,,,Litwick,Lampent,Chandelure,,,,,,,,,,,
609,Chandelure,Ghost,Fire,520.0,60.0,55.0,90.0,145.0,90.0,80.0,5.0,False,Level 38,Level 48,,,,,,,Axew,Fraxure,Haxorus,,,,,,,,,,,
610,Axew,Dragon,,320.0,46.0,87.0,60.0,30.0,40.0,57.0,5.0,False,Level 38,Level 48,,,,,,,Axew,Fraxure,Haxorus,,,,,,,,,,,
611,Fraxure,Dragon,,410.0,66.0,117.0,70.0,40.0,50.0,67.0,5.0,False,Level 38,Level 48,,,,,,,Axew,Fraxure,Haxorus,,,,,,,,,,,
612,Haxorus,Dragon,,540.0,76.0,147.0,90.0,60.0,70.0,97.0,5.0,False,Level 37,,,,,,,,Cubchoo,Beartic,,,,,,,,,,,,
613,Cubchoo,Ice,,305.0,55.0,70.0,40.0,60.0,40.0,40.0,5.0,False,Level 37,,,,,,,,Cubchoo,Beartic,,,,,,,,,,,,
614,Beartic,Ice,,485.0,95.0,110.0,80.0,70.0,80.0,50.0,5.0,False,,,,,,,,,,,,,,,,,,,,,,
615,Cryogonal,Ice,,485.0,70.0,50.0,30.0,95.0,135.0,105.0,5.0,False,Trade with Karrablast,,,,,,,,Shelmet,Accelgor,,,,,,,,,,,,
616,Shelmet,Bug,,305.0,50.0,40.0,85.0,40.0,65.0,25.0,5.0,False,Trade with Karrablast,,,,,,,,Shelmet,Accelgor,,,,,,,,,,,,
617,Accelgor,Bug,,495.0,80.0,70.0,40.0,100.0,60.0,145.0,5.0,False,,,,,,,,,,,,,,,,,,,,,,
618,Stunfisk,Ground,Electric,471.0,109.0,66.0,84.0,81.0,99.0,32.0,5.0,False,Level 50,,,,,,,,Mienfoo,Mienshao,,,,,,,,,,,,
619,Mienfoo,Fighting,,350.0,45.0,85.0,50.0,55.0,50.0,65.0,5.0,False,Level 50,,,,,,,,Mienfoo,Mienshao,,,,,,,,,,,,
620,Mienshao,Fighting,,510.0,65.0,125.0,60.0,95.0,60.0,105.0,5.0,False,,,,,,,,,,,,,,,,,,,,,,
621,Druddigon,Dragon,,485.0,77.0,120.0,90.0,60.0,90.0,48.0,5.0,False,Level 43,,,,,,,,Golett,Golurk,,,,,,,,,,,,
622,Golett,Ground,Ghost,303.0,59.0,74.0,50.0,35.0,50.0,35.0,5.0,False,Level 43,,,,,,,,Golett,Golurk,,,,,,,,,,,,
623,Golurk,Ground,Ghost,483.0,89.0,124.0,80.0,55.0,80.0,55.0,5.0,False,Level 52,,,,,,,,Pawniard,Bisharp,,,,,,,,,,,,
624,Pawniard,Dark,Steel,340.0,45.0,85.0,70.0,40.0,40.0,60.0,5.0,False,Level 52,,,,,,,,Pawniard,Bisharp,,,,,,,,,,,,
625,Bisharp,Dark,Steel,490.0,65.0,125.0,100.0,60.0,70.0,70.0,5.0,False,,,,,,,,,,,,,,,,,,,,,,
626,Bouffalant,Normal,,490.0,95.0,110.0,95.0,40.0,95.0,55.0,5.0,False,Level 54,"Level 54, in Legends: Arceus",,,,,,,Rufflet,Braviary,Braviary,,,,,,,,,,,
627,Rufflet,Normal,Flying,350.0,70.0,83.0,50.0,37.0,50.0,60.0,5.0,False,Level 54,"Level 54, in Legends: Arceus",,,,,,,Rufflet,Braviary,Braviary,,,,,,,,,,,
628,Braviary,Normal,Flying,510.0,100.0,123.0,75.0,57.0,75.0,80.0,5.0,False,Level 54,,,,,,,,Vullaby,Mandibuzz,,,,,,,,,,,,
629,Vullaby,Dark,Flying,370.0,70.0,55.0,75.0,45.0,65.0,60.0,5.0,False,Level 54,,,,,,,,Vullaby,Mandibuzz,,,,,,,,,,,,
630,Mandibuzz,Dark,Flying,510.0,110.0,65.0,105.0,55.0,95.0,80.0,5.0,False,,,,,,,,,,,,,,,,,,,,,,
631,Heatmor,Fire,,484.0,85.0,97.0,66.0,105.0,66.0,65.0,5.0,False,,,,,,,,,,,,,,,,,,,,,,
632,Durant,Bug,Steel,484.0,58.0,109.0,112.0,48.0,48.0,109.0,5.0,False,Level 50,Level 64,,,,,,,Deino,Zweilous,Hydreigon,,,,,,,,,,,
633,Deino,Dark,Dragon,300.0,52.0,65.0,50.0,45.0,50.0,38.0,5.0,False,Level 50,Level 64,,,,,,,Deino,Zweilous,Hydreigon,,,,,,,,,,,
634,Zweilous,Dark,Dragon,420.0,72.0,85.0,70.0,65.0,70.0,58.0,5.0,False,Level 50,Level 64,,,,,,,Deino,Zweilous,Hydreigon,,,,,,,,,,,
635,Hydreigon,Dark,Dragon,600.0,92.0,105.0,90.0,125.0,90.0,98.0,5.0,False,Level 59,,,,,,,,Larvesta,Volcarona,,,,,,,,,,,,
636,Larvesta,Bug,Fire,360.0,55.0,85.0,55.0,50.0,55.0,60.0,5.0,False,Level 59,,,,,,,,Larvesta,Volcarona,,,,,,,,,,,,
637,Volcarona,Bug,Fire,550.0,85.0,60.0,65.0,135.0,105.0,100.0,5.0,False,,,,,,,,,,,,,,,,,,,,,,
638,Cobalion,Steel,Fighting,580.0,91.0,90.0,129.0,90.0,72.0,108.0,5.0,True,,,,,,,,,,,,,,,,,,,,,,
639,Terrakion,Rock,Fighting,580.0,91.0,129.0,90.0,72.0,90.0,108.0,5.0,True,,,,,,,,,,,,,,,,,,,,,,
640,Virizion,Grass,Fighting,580.0,91.0,90.0,72.0,90.0,129.0,108.0,5.0,True,,,,,,,,,,,,,,,,,,,,,,
641,TornadusIncarnate Forme,Flying,,580.0,79.0,115.0,70.0,125.0,80.0,111.0,5.0,True,,,,,,,,,,,,,,,,,,,,,,
642,ThundurusIncarnate Forme,Electric,Flying,580.0,79.0,115.0,70.0,125.0,80.0,111.0,5.0,True,,,,,,,,,,,,,,,,,,,,,,
643,Reshiram,Dragon,Fire,680.0,100.0,120.0,100.0,150.0,120.0,90.0,5.0,True,,,,,,,,,,,,,,,,,,,,,,
644,Zekrom,Dragon,Electric,680.0,100.0,150.0,120.0,120.0,100.0,90.0,5.0,True,,,,,,,,,,,,,,,,,,,,,,
645,LandorusIncarnate Forme,Ground,Flying,600.0,89.0,125.0,90.0,115.0,80.0,101.0,5.0,True,,,,,,,,,,,,,,,,,,,,,,
646,Kyurem,Dragon,Ice,660.0,125.0,130.0,90.0,130.0,90.0,95.0,5.0,True,,,,,,,,,,,,,,,,,,,,,,
647,KeldeoOrdinary Forme,Water,Fighting,580.0,91.0,72.0,90.0,129.0,90.0,108.0,5.0,False,,,,,,,,,,,,,,,,,,,,,,
648,MeloettaAria Forme,Normal,Psychic,600.0,100.0,77.0,77.0,128.0,128.0,90.0,5.0,False,,,,,,,,,,,,,,,,,,,,,,
649,Genesect,Bug,Steel,600.0,71.0,120.0,95.0,120.0,95.0,99.0,5.0,False,Level 16,Level 36,,,,,,,Chespin,Quilladin,Chesnaught,,,,,,,,,,,
650,Chespin,Grass,,313.0,56.0,61.0,65.0,48.0,45.0,38.0,6.0,False,Level 16,Level 36,,,,,,,Chespin,Quilladin,Chesnaught,,,,,,,,,,,
651,Quilladin,Grass,,405.0,61.0,78.0,95.0,56.0,58.0,57.0,6.0,False,Level 16,Level 36,,,,,,,Chespin,Quilladin,Chesnaught,,,,,,,,,,,
652,Chesnaught,Grass,Fighting,530.0,88.0,107.0,122.0,74.0,75.0,64.0,6.0,False,Level 16,Level 36,,,,,,,Fennekin,Braixen,Delphox,,,,,,,,,,,
653,Fennekin,Fire,,307.0,40.0,45.0,40.0,62.0,60.0,60.0,6.0,False,Level 16,Level 36,,,,,,,Fennekin,Braixen,Delphox,,,,,,,,,,,
654,Braixen,Fire,,409.0,59.0,59.0,58.0,90.0,70.0,73.0,6.0,False,Level 16,Level 36,,,,,,,Fennekin,Braixen,Delphox,,,,,,,,,,,
655,Delphox,Fire,Psychic,534.0,75.0,69.0,72.0,114.0,100.0,104.0,6.0,False,Level 16,Level 36,,,,,,,Froakie,Frogadier,Greninja,,,,,,,,,,,
656,Froakie,Water,,314.0,41.0,56.0,40.0,62.0,44.0,71.0,6.0,False,Level 16,Level 36,,,,,,,Froakie,Frogadier,Greninja,,,,,,,,,,,
657,Frogadier,Water,,405.0,54.0,63.0,52.0,83.0,56.0,97.0,6.0,False,Level 16,Level 36,,,,,,,Froakie,Frogadier,Greninja,,,,,,,,,,,
658,Greninja,Water,Dark,530.0,72.0,95.0,67.0,103.0,71.0,122.0,6.0,False,Level 20,,,,,,,,Bunnelby,Diggersby,,,,,,,,,,,,
659,Bunnelby,Normal,,237.0,38.0,36.0,38.0,32.0,36.0,57.0,6.0,False,Level 20,,,,,,,,Bunnelby,Diggersby,,,,,,,,,,,,
660,Diggersby,Normal,Ground,423.0,85.0,56.0,77.0,50.0,77.0,78.0,6.0,False,Level 17,Level 35,,,,,,,Fletchling,Fletchinder,Talonflame,,,,,,,,,,,
661,Fletchling,Normal,Flying,278.0,45.0,50.0,43.0,40.0,38.0,62.0,6.0,False,Level 17,Level 35,,,,,,,Fletchling,Fletchinder,Talonflame,,,,,,,,,,,
662,Fletchinder,Fire,Flying,382.0,62.0,73.0,55.0,56.0,52.0,84.0,6.0,False,Level 17,Level 35,,,,,,,Fletchling,Fletchinder,Talonflame,,,,,,,,,,,
663,Talonflame,Fire,Flying,499.0,78.0,81.0,71.0,74.0,69.0,126.0,6.0,False,Level 9,Level 12,,,,,,,Scatterbug,Spewpa,Vivillon,,,,,,,,,,,
664,Scatterbug,Bug,,200.0,38.0,35.0,40.0,27.0,25.0,35.0,6.0,False,Level 9,Level 12,,,,,,,Scatterbug,Spewpa,Vivillon,,,,,,,,,,,
665,Spewpa,Bug,,213.0,45.0,22.0,60.0,27.0,30.0,29.0,6.0,False,Level 9,Level 12,,,,,,,Scatterbug,Spewpa,Vivillon,,,,,,,,,,,
666,Vivillon,Bug,Flying,411.0,80.0,52.0,50.0,90.0,50.0,89.0,6.0,False,Level 35,,,,,,,,Litleo,Pyroar,,,,,,,,,,,,
667,Litleo,Fire,Normal,369.0,62.0,50.0,58.0,73.0,54.0,72.0,6.0,False,Level 35,,,,,,,,Litleo,Pyroar,,,,,,,,,,,,
668,Pyroar,Fire,Normal,507.0,86.0,68.0,72.0,109.0,66.0,106.0,6.0,False,,,,,,,,,,,,,,,,,,,,,,
669,Flabébé,Fairy,,303.0,44.0,38.0,39.0,61.0,79.0,42.0,6.0,False,Level 19,use Shiny Stone,,,,,,,Flabébé,Floette,Florges,,,,,,,,,,,
670,Floette,Fairy,,371.0,54.0,45.0,47.0,75.0,98.0,52.0,6.0,False,Level 19,use Shiny Stone,,,,,,,Flabébé,Floette,Florges,,,,,,,,,,,
671,Florges,Fairy,,552.0,78.0,65.0,68.0,112.0,154.0,75.0,6.0,False,Level 32,,,,,,,,Skiddo,Gogoat,,,,,,,,,,,,
672,Skiddo,Grass,,350.0,66.0,65.0,48.0,62.0,57.0,52.0,6.0,False,Level 32,,,,,,,,Skiddo,Gogoat,,,,,,,,,,,,
673,Gogoat,Grass,,531.0,123.0,100.0,62.0,97.0,81.0,68.0,6.0,False,"Level 32, Dark type Pokémon in party",,,,,,,,Pancham,Pangoro,,,,,,,,,,,,
674,Pancham,Fighting,,348.0,67.0,82.0,62.0,46.0,48.0,43.0,6.0,False,"Level 32, Dark type Pokémon in party",,,,,,,,Pancham,Pangoro,,,,,,,,,,,,
675,Pangoro,Fighting,Dark,495.0,95.0,124.0,78.0,69.0,71.0,58.0,6.0,False,,,,,,,,,,,,,,,,,,,,,,
676,Furfrou,Normal,,472.0,75.0,80.0,60.0,65.0,90.0,102.0,6.0,False,"Level 25, Male","Level 25, Female",,,,,,,Espurr,Meowstic,Meowstic,,,,,,,,,,,
677,Espurr,Psychic,,355.0,62.0,48.0,54.0,63.0,60.0,68.0,6.0,False,,,,,,,,,,,,,,,,,,,,,,
678,MeowsticMale,Psychic,,466.0,74.0,48.0,76.0,83.0,81.0,104.0,6.0,False,Level 35,use Dusk Stone,,,,,,,Honedge,Doublade,Aegislash,,,,,,,,,,,
679,Honedge,Steel,Ghost,325.0,45.0,80.0,100.0,35.0,37.0,28.0,6.0,False,Level 35,use Dusk Stone,,,,,,,Honedge,Doublade,Aegislash,,,,,,,,,,,
680,Doublade,Steel,Ghost,448.0,59.0,110.0,150.0,45.0,49.0,35.0,6.0,False,,,,,,,,,,,,,,,,,,,,,,
681,AegislashBlade Forme,Steel,Ghost,520.0,60.0,150.0,50.0,150.0,50.0,60.0,6.0,False,trade holding Sachet,,,,,,,,Spritzee,Aromatisse,,,,,,,,,,,,
682,Spritzee,Fairy,,341.0,78.0,52.0,60.0,63.0,65.0,23.0,6.0,False,trade holding Sachet,,,,,,,,Spritzee,Aromatisse,,,,,,,,,,,,
683,Aromatisse,Fairy,,462.0,101.0,72.0,72.0,99.0,89.0,29.0,6.0,False,trade holding Whipped Dream,,,,,,,,Swirlix,Slurpuff,,,,,,,,,,,,
684,Swirlix,Fairy,,341.0,62.0,48.0,66.0,59.0,57.0,49.0,6.0,False,trade holding Whipped Dream,,,,,,,,Swirlix,Slurpuff,,,,,,,,,,,,
685,Slurpuff,Fairy,,480.0,82.0,80.0,86.0,85.0,75.0,72.0,6.0,False,"Level 30, holding console upside down",,,,,,,,Inkay,Malamar,,,,,,,,,,,,
686,Inkay,Dark,Psychic,288.0,53.0,54.0,53.0,37.0,46.0,45.0,6.0,False,"Level 30, holding console upside down",,,,,,,,Inkay,Malamar,,,,,,,,,,,,
687,Malamar,Dark,Psychic,482.0,86.0,92.0,88.0,68.0,75.0,73.0,6.0,False,Level 39,,,,,,,,Binacle,Barbaracle,,,,,,,,,,,,
688,Binacle,Rock,Water,306.0,42.0,52.0,67.0,39.0,56.0,50.0,6.0,False,Level 39,,,,,,,,Binacle,Barbaracle,,,,,,,,,,,,
689,Barbaracle,Rock,Water,500.0,72.0,105.0,115.0,54.0,86.0,68.0,6.0,False,Level 48,,,,,,,,Skrelp,Dragalge,,,,,,,,,,,,
690,Skrelp,Poison,Water,320.0,50.0,60.0,60.0,60.0,60.0,30.0,6.0,False,Level 48,,,,,,,,Skrelp,Dragalge,,,,,,,,,,,,
691,Dragalge,Poison,Dragon,494.0,65.0,75.0,90.0,97.0,123.0,44.0,6.0,False,Level 37,,,,,,,,Clauncher,Clawitzer,,,,,,,,,,,,
692,Clauncher,Water,,330.0,50.0,53.0,62.0,58.0,63.0,44.0,6.0,False,Level 37,,,,,,,,Clauncher,Clawitzer,,,,,,,,,,,,
693,Clawitzer,Water,,500.0,71.0,73.0,88.0,120.0,89.0,59.0,6.0,False,use Sun Stone,,,,,,,,Helioptile,Heliolisk,,,,,,,,,,,,
694,Helioptile,Electric,Normal,289.0,44.0,38.0,33.0,61.0,43.0,70.0,6.0,False,use Sun Stone,,,,,,,,Helioptile,Heliolisk,,,,,,,,,,,,
695,Heliolisk,Electric,Normal,481.0,62.0,55.0,52.0,109.0,94.0,109.0,6.0,False,"Level 39, Daytime",,,,,,,,Tyrunt,Tyrantrum,,,,,,,,,,,,
696,Tyrunt,Rock,Dragon,362.0,58.0,89.0,77.0,45.0,45.0,48.0,6.0,False,"Level 39, Daytime",,,,,,,,Tyrunt,Tyrantrum,,,,,,,,,,,,
697,Tyrantrum,Rock,Dragon,521.0,82.0,121.0,119.0,69.0,59.0,71.0,6.0,False,"Level 39, Nighttime",,,,,,,,Amaura,Aurorus,,,,,,,,,,,,
698,Amaura,Rock,Ice,362.0,77.0,59.0,50.0,67.0,63.0,46.0,6.0,False,"Level 39, Nighttime",,,,,,,,Amaura,Aurorus,,,,,,,,,,,,
699,Aurorus,Rock,Ice,521.0,123.0,77.0,72.0,99.0,92.0,58.0,6.0,False,use Water Stone,use Thunder Stone,use Fire Stone,"high Friendship, Daytime","high Friendship, Nighttime","use Leaf Stone, or level up near a Mossy Rock","use Ice Stone, or level up near an Icy Rock",,Eevee,Vaporeon,Jolteon,Flareon,Eevee,Espeon,Umbreon,Eevee,Leafeon,Glaceon,Eevee,,Sylveon,"after Fairy-type move learned, and either ♥♥ Affection in Gen 6-7 or high friendship in Gen 8+"
700,Sylveon,Fairy,,525.0,95.0,65.0,65.0,110.0,130.0,60.0,6.0,False,,,,,,,,,,,,,,,,,,,,,,
701,Hawlucha,Fighting,Flying,500.0,78.0,92.0,75.0,74.0,63.0,118.0,6.0,False,,,,,,,,,,,,,,,,,,,,,,
702,Dedenne,Electric,Fairy,431.0,67.0,58.0,57.0,81.0,67.0,101.0,6.0,False,,,,,,,,,,,,,,,,,,,,,,
703,Carbink,Rock,Fairy,500.0,50.0,50.0,150.0,50.0,150.0,50.0,6.0,False,Level 40,"Level 50, during rain","Level 40, in Legends: Arceus","Level 50, during rain, in Legends: Arceus",,,,,Goomy,Sliggoo,Goodra,Sliggoo,Goodra,,,,,,,,,
704,Goomy,Dragon,,300.0,45.0,50.0,35.0,55.0,75.0,40.0,6.0,False,Level 40,"Level 50, during rain","Level 40, in Legends: Arceus","Level 50, during rain, in Legends: Arceus",,,,,Goomy,Sliggoo,Goodra,Sliggoo,Goodra,,,,,,,,,
705,Sliggoo,Dragon,,452.0,68.0,75.0,53.0,83.0,113.0,60.0,6.0,False,Level 40,"Level 50, during rain","Level 40, in Legends: Arceus","Level 50, during rain, in Legends: Arceus",,,,,Goomy,Sliggoo,Goodra,Sliggoo,Goodra,,,,,,,,,
706,Goodra,Dragon,,600.0,90.0,100.0,70.0,110.0,150.0,80.0,6.0,False,,,,,,,,,,,,,,,,,,,,,,
707,Klefki,Steel,Fairy,470.0,57.0,80.0,91.0,80.0,87.0,75.0,6.0,False,Trade,,,,,,,,Phantump,Trevenant,,,,,,,,,,,,
708,Phantump,Ghost,Grass,309.0,43.0,70.0,48.0,50.0,60.0,38.0,6.0,False,Trade,,,,,,,,Phantump,Trevenant,,,,,,,,,,,,
709,Trevenant,Ghost,Grass,474.0,85.0,110.0,76.0,65.0,82.0,56.0,6.0,False,,,,,,,,,,,,,,,,,,,,,,
710,PumpkabooAverage Size,Ghost,Grass,335.0,49.0,66.0,70.0,44.0,55.0,51.0,6.0,False,,,,,,,,,,,,,,,,,,,,,,
711,GourgeistAverage Size,Ghost,Grass,494.0,65.0,90.0,122.0,58.0,75.0,84.0,6.0,False,Level 37,"Level 37, in Legends: Arceus",,,,,,,Bergmite,Avalugg,Avalugg,,,,,,,,,,,
712,Bergmite,Ice,,304.0,55.0,69.0,85.0,32.0,35.0,28.0,6.0,False,Level 37,"Level 37, in Legends: Arceus",,,,,,,Bergmite,Avalugg,Avalugg,,,,,,,,,,,
713,Avalugg,Ice,,514.0,95.0,117.0,184.0,44.0,46.0,28.0,6.0,False,Level 48,,,,,,,,Noibat,Noivern,,,,,,,,,,,,
714,Noibat,Flying,Dragon,245.0,40.0,30.0,35.0,45.0,40.0,55.0,6.0,False,Level 48,,,,,,,,Noibat,Noivern,,,,,,,,,,,,
715,Noivern,Flying,Dragon,535.0,85.0,70.0,80.0,97.0,80.0,123.0,6.0,False,,,,,,,,,,,,,,,,,,,,,,
716,Xerneas,Fairy,,680.0,126.0,131.0,95.0,131.0,98.0,99.0,6.0,True,,,,,,,,,,,,,,,,,,,,,,
717,Yveltal,Dark,Flying,680.0,126.0,131.0,95.0,131.0,98.0,99.0,6.0,True,,,,,,,,,,,,,,,,,,,,,,
718,Zygarde50% Forme,Dragon,Ground,600.0,108.0,100.0,121.0,81.0,95.0,95.0,6.0,True,,,,,,,,,,,,,,,,,,,,,,
719,Diancie,Rock,Fairy,600.0,50.0,100.0,150.0,100.0,150.0,50.0,6.0,True,,,,,,,,,,,,,,,,,,,,,,
720,HoopaHoopa Confined,Psychic,Ghost,600.0,80.0,110.0,60.0,150.0,130.0,70.0,6.0,True,,,,,,,,,,,,,,,,,,,,,,
721,Volcanion,Fire,Water,600.0,80.0,110.0,120.0,130.0,90.0,70.0,6.0,True,,,,,,,,,,,,,,,,,,,,,,
0,,,,,,,,,,,,,Level 16,Level 32,,,,,,,Bulbasaur,Ivysaur,Venusaur,,,,,,,,,,,
